Team,Conf,W-L,&Delta;,CMP,Sort,LAB,LMC,LOG,MAS,MB,MGS,MMG,MOR,NET,NOL,OMY,PAC,PGH,PIR,POM,REW,RMS,RPI,RT,RTH,SMS,SPR,SRS,STY,TRK,TRP,USA,WAB,WIL,WLK,WOL,7OT,AP,BAR,BBT,BIH,BMN,BNZ,BWE,COL,DCI,DII,DOK,DOL,DP,DUN,EBP,EMK,ESR,FAS,HAS,INC,JJK,JNG,KPI,KPK
Auburn,SEC,"27-4",,1,>>,1,3,2,1,1,3,3,2,2,5,2,3,1,2,2,1,1,1,2,1,1,1,2,2,3,2,3,1,1,1,1,1,3,3,1,1,1,2,2,1,3,1,2,1,2,1,3,3,1,1,3,2,1,1,1,1
Duke,ACC,"28-3",,2,>>,3,1,1,2,3,1,1,1,1,2,1,1,5,1,1,3,3,5,1,3,2,5,1,1,1,1,1,7,5,2,5,2,1,1,2,3,7,1,1,5,1,2,1,4,1,2,1,1,3,2,1,1,3,4,7,2
Houston,B12,"27-4",,3,>>,4,2,4,3,4,4,2,4,3,1,4,4,3,4,3,4,6,6,3,6,3,7,3,4,2,3,2,3,6,4,6,4,2,2,8,4,3,3,3,4,4,4,3,2,3,3,2,2,2,4,2,4,4,2,5,3
Florida,SEC,"27-4",,4,>>,2,4,3,4,2,2,4,3,4,4,3,2,2,3,4,2,2,4,4,2,4,2,4,3,4,4,4,4,2,3,2,8,4,4,3,2,4,4,4,3,2,3,4,3,4,4,4,4,4,3,4,3,2,5,3,4
Alabama,SEC,"24-7",+1,5,>>,6,8,5,5,5,12,6,5,6,7,5,5,4,5,6,6,4,2,6,5,5,3,5,5,5,5,8,2,3,5,4,3,5,6,6,6,2,5,5,2,5,5,5,5,5,8,5,5,5,5,6,5,5,3,2,5
Tennessee,SEC,"25-6",-1,6,>>,5,9,6,6,6,8,5,9,5,9,6,9,6,6,5,5,5,3,7,4,6,4,6,6,6,6,6,5,4,6,3,11,8,7,4,5,5,6,6,6,10,6,6,6,7,5,6,8,6,6,5,6,6,7,4,6
Michigan St,B10,"26-5",,7,>>,7,11,7,7,7,6,12,7,10,3,10,6,7,10,8,7,7,7,14,7,7,8,13,7,12,11,6,6,7,8,7,15,7,8,9,7,6,9,7,7,6,7,10,7,8,7,11,10,8,7,11,8,7,6,6,7
Texas Tech,B12,"24-7",+1,8,>>,12,6,8,9,10,14,7,6,7,14,7,7,16,8,7,14,16,27,9,13,8,15,7,8,7,8,9,13,19,7,19,24,9,5,20,19,13,7,8,18,8,10,7,11,6,10,8,6,9,11,7,7,18,11,19,8
St John's,BE,"27-4",-1,9,>>,8,10,13,8,8,7,18,14,17,6,15,23,8,14,15,8,11,10,17,10,10,12,17,12,22,16,5,10,11,10,10,14,6,14,10,8,11,17,10,8,9,8,13,8,17,6,16,11,7,9,23,13,8,8,14,9
Kentucky,SEC,"21-10",+5,10,>>,9,15,12,12,13,28,15,15,12,24,12,15,10,13,11,20,9,9,8,8,12,6,12,9,16,15,19,9,9,12,8,12,15,13,15,13,9,13,11,16,15,13,14,9,12,21,13,26,13,8,18,14,15,10,8,10
Maryland,B10,"24-7",+3,11,>>,10,13,11,13,17,17,9,11,11,13,11,8,20,12,13,16,18,22,10,14,11,11,9,13,15,12,11,17,16,11,22,21,11,11,34,20,14,10,9,19,11,9,12,13,10,13,14,13,15,12,10,11,19,15,20,11
Iowa St,B12,"23-8",-1,12,>>,16,7,9,10,16,15,11,10,9,30,8,13,22,9,10,24,25,29,13,17,9,20,10,10,8,7,12,14,23,9,26,43,12,10,5,23,18,11,16,23,12,20,8,12,11,9,7,7,12,18,8,10,24,12,25,16
Texas A&M,SEC,"22-9",+9,13,>>,11,29,21,15,11,33,17,22,16,16,20,16,9,19,17,17,8,13,30,9,16,9,19,19,25,20,16,8,8,19,9,28,14,21,23,9,8,20,15,13,24,12,23,10,21,24,20,21,10,10,17,22,13,9,9,13
Purdue,B10,"21-10",-1,14,>>,15,16,14,11,22,22,16,13,14,36,16,12,19,16,14,29,19,12,20,16,15,14,15,16,13,13,20,16,16,13,21,7,20,15,12,17,17,15,12,17,22,15,16,20,14,20,18,17,24,16,20,16,21,14,11,15
Clemson,ACC,"26-5",-3,15,>>,13,20,17,16,12,5,26,21,22,8,24,10,12,21,19,10,15,15,23,19,19,22,27,21,21,23,10,20,15,15,13,16,10,23,24,10,16,26,14,10,14,21,21,18,23,15,15,12,11,14,22,21,11,20,18,14
Wisconsin,B10,"23-8",-6,16,>>,18,19,15,14,18,19,21,24,20,33,14,14,21,18,12,23,23,24,19,18,20,21,18,17,14,18,14,15,19,14,25,17,18,18,17,12,12,19,19,20,16,17,15,15,18,16,23,16,17,20,14,15,22,13,22,18
Louisville,ACC,"25-6",+2,17,>>,21,23,20,31,15,10,27,20,23,10,22,11,11,23,23,12,13,18,22,15,21,34,23,14,19,27,13,19,12,17,14,9,13,22,22,15,19,23,21,12,18,18,20,17,24,17,27,19,14,13,26,23,12,25,16,12
Gonzaga,WCC,"23-8",-1,18,>>,30,5,10,23,38,11,8,8,8,26,9,26,39,7,9,36,40,31,5,35,13,26,8,11,9,9,"--",43,40,16,42,6,"--",9,25,36,44,8,13,33,13,14,9,39,9,12,9,9,46,26,9,9,36,33,33,17
Illinois,B10,"20-11",+5,19,>>,25,22,19,22,29,30,13,12,15,19,17,18,26,15,18,40,26,32,12,20,14,16,14,15,18,17,25,25,26,20,32,13,24,19,16,31,26,14,20,30,19,16,22,26,16,26,21,27,31,21,13,18,31,19,21,19
St Mary's CA,WCC,"27-4",,20,>>,23,24,27,19,20,9,24,29,19,12,27,24,15,29,22,11,28,11,16,28,24,31,29,20,23,32,15,23,26,25,17,5,19,24,28,11,23,28,18,11,17,22,26,16,25,11,29,20,20,19,24,26,9,22,15,23
Arizona,B12,"20-11",-3,21,>>,33,12,16,17,27,32,10,19,13,32,13,28,33,11,16,46,32,37,11,25,17,29,11,18,11,10,24,21,33,18,37,19,"--",12,32,27,28,12,17,36,23,23,11,24,13,29,10,15,26,28,12,12,40,16,28,21
Kansas,B12,"20-11",+3,22,>>,28,14,18,21,26,36,14,18,18,42,18,27,31,17,21,43,33,19,21,29,18,23,16,24,20,14,"--",27,32,21,35,20,"--",17,14,35,21,16,24,27,26,28,18,23,20,32,12,14,25,30,16,17,34,27,24,24
Missouri,SEC,"21-10",-7,23,>>,14,17,23,34,31,31,22,30,21,57,19,17,27,20,20,26,12,41,15,12,28,10,20,23,17,26,22,29,12,23,16,32,21,26,27,22,30,18,25,35,34,11,17,27,19,36,30,28,32,17,15,19,26,26,27,28
BYU,B12,"23-8",+3,24,>>,24,21,24,24,23,21,19,17,26,11,21,20,28,22,24,30,31,46,27,30,23,30,21,22,10,21,18,26,30,22,34,49,17,16,54,29,24,21,22,28,7,29,19,22,15,18,24,18,21,31,19,20,33,21,31,26
Mississippi,SEC,"21-10",+1,25,>>,20,32,26,32,21,42,29,40,27,35,26,21,17,27,27,22,10,16,25,11,29,13,31,29,29,31,"--",12,10,27,11,25,"--",32,7,14,20,29,31,22,41,19,32,19,30,38,31,35,19,15,31,29,17,23,17,25
Oregon,B10,"23-8",+3,26,>>,17,44,31,25,14,29,33,26,29,18,33,19,13,31,31,15,14,14,43,21,27,17,33,26,37,34,"--",11,12,29,15,77,23,33,19,18,10,34,26,15,28,31,33,14,31,22,34,38,18,22,33,35,16,17,10,22
UCLA,B10,"22-9",+3,27,>>,22,25,25,27,25,37,20,16,24,22,25,22,25,25,25,25,29,35,28,27,26,19,22,25,24,22,"--",22,28,24,30,31,"--",20,52,26,22,22,23,26,21,25,25,25,22,30,25,25,27,25,21,24,27,24,26,27
Michigan,B10,"22-9",-7,28,>>,26,28,28,28,19,38,28,31,28,29,29,33,18,26,28,28,22,17,29,24,22,18,25,28,31,28,21,18,18,28,24,26,22,30,13,21,15,27,27,14,42,27,34,21,32,33,33,33,23,23,36,30,20,18,12,20
Marquette,BE,"22-9",-6,29,>>,27,18,22,20,24,27,25,25,25,53,23,32,36,24,26,31,35,25,18,32,25,32,24,27,26,19,23,30,35,26,38,29,25,25,11,28,27,24,30,31,31,26,24,29,26,19,19,24,22,32,25,25,32,28,30,30
Memphis,AAC,"26-5",+1,30,>>,19,43,42,29,9,18,55,48,48,17,47,42,14,44,48,9,21,8,37,34,33,25,56,38,59,50,17,24,23,40,12,10,16,56,31,16,25,56,38,9,47,37,54,28,59,25,42,37,16,24,65,47,10,29,13,29
Georgia,SEC,"20-11",+4,31,>>,29,35,36,41,35,43,34,27,30,37,31,25,30,37,33,33,17,30,26,22,34,24,32,31,27,37,"--",31,19,35,23,27,"--",31,29,33,29,31,33,34,29,30,36,32,29,39,38,39,34,27,32,31,28,35,36,32
Mississippi St,SEC,"20-11",-4,32,>>,34,38,29,33,34,48,32,37,34,54,30,39,29,33,32,38,20,28,33,23,37,28,34,30,35,35,"--",28,19,30,20,40,"--",37,21,24,31,33,35,29,44,24,29,31,35,40,37,36,33,29,38,33,29,31,23,31
Connecticut,BE,"22-9",+3,33,>>,36,26,34,18,32,44,30,23,32,23,34,38,43,30,35,41,39,56,40,38,30,38,30,32,34,25,"--",36,40,36,43,45,"--",28,47,40,35,30,29,45,20,33,27,36,28,14,17,23,30,40,27,28,44,30,45,35
Creighton,BE,"22-9",,34,>>,37,27,35,26,28,40,37,33,38,27,36,30,35,36,36,32,36,36,44,36,32,41,36,33,32,33,"--",33,37,33,40,36,"--",34,41,37,33,35,32,32,27,41,31,30,33,34,26,29,28,38,28,32,37,32,37,33
New Mexico,MWC,"25-6",+2,35,>>,31,40,38,37,30,23,40,46,41,20,38,45,24,39,41,19,34,20,39,37,35,35,41,36,38,43,"--",32,33,32,29,22,"--",40,35,25,32,40,36,24,39,32,37,33,41,43,47,34,29,34,45,41,25,34,29,34
VCU,A10,"25-6",-3,36,>>,42,34,30,50,55,16,36,32,33,28,35,47,50,35,30,35,61,43,24,51,36,49,43,34,28,36,"--",53,56,34,46,18,"--",29,26,46,50,39,28,40,32,45,30,54,36,27,32,22,49,48,30,34,42,48,43,41
Baylor,B12,"18-13",+1,37,>>,45,33,32,30,42,71,23,28,31,55,28,37,47,28,29,66,44,54,36,40,31,37,26,35,30,24,"--",41,47,31,49,78,"--",27,44,44,41,25,34,59,37,36,28,40,27,44,22,30,39,43,29,27,59,37,48,38
North Carolina,ACC,"20-12",+3,38,>>,43,30,37,36,43,57,38,39,40,39,37,31,41,32,37,60,47,33,34,44,42,50,37,40,39,30,"--",45,43,38,44,38,"--",36,46,42,47,37,39,42,33,35,35,46,38,46,28,31,43,41,39,36,46,47,55,36
Utah St,MWC,"25-6",,39,>>,35,61,53,38,36,26,46,47,37,43,51,51,32,52,53,18,37,23,38,45,40,39,46,39,43,51,"--",37,35,49,31,41,"--",48,30,32,38,47,44,25,51,48,50,35,50,28,44,56,36,35,50,55,23,38,35,39
Arkansas,SEC,"19-12",+7,40,>>,39,39,41,42,45,66,35,36,39,34,39,44,40,38,40,52,30,63,32,33,43,33,35,42,44,39,"--",39,31,39,39,87,"--",42,75,43,40,36,37,54,35,39,40,41,37,53,43,46,45,37,41,38,45,39,39,40
Ohio St,B10,"17-14",-1,41,>>,50,37,33,39,49,72,31,34,36,66,32,49,52,34,34,64,46,67,35,39,39,36,28,41,40,29,"--",49,48,37,58,50,"--",35,37,50,48,32,41,60,43,38,38,47,34,55,35,40,51,45,37,37,62,46,47,42
Xavier,BE,"21-10",+3,42,>>,46,31,40,35,41,47,43,35,44,31,42,29,53,40,42,51,49,55,46,47,38,47,40,44,36,38,"--",46,50,42,56,44,"--",38,61,53,46,38,40,58,25,43,39,45,39,49,39,32,40,49,35,39,55,41,59,43
Vanderbilt,SEC,"20-11",-11,43,>>,40,51,48,47,37,63,48,51,43,48,45,40,34,48,45,37,24,51,52,31,46,27,42,43,41,55,"--",34,25,47,27,96,"--",50,43,30,34,43,49,43,46,44,42,34,45,50,54,50,38,33,43,48,35,40,42,44
UC San Diego,BWC,"28-4",-2,44,>>,41,68,39,64,48,25,47,54,35,25,41,43,44,47,39,21,51,39,31,55,45,44,60,37,45,56,"--",48,53,41,28,58,"--",39,58,38,53,45,47,39,38,63,46,49,40,31,59,45,48,42,34,46,30,49,49,37
Oklahoma,SEC,"19-12",+6,45,>>,38,59,45,46,40,65,49,44,47,61,40,36,38,41,38,48,27,62,61,26,48,40,45,48,50,47,"--",35,29,44,33,86,"--",51,36,39,37,44,46,48,40,34,48,38,47,59,45,49,41,39,54,40,41,43,44,50
Indiana,B10,"19-12",-2,46,>>,48,42,43,44,47,56,50,41,52,41,46,34,42,42,44,59,43,45,50,41,41,42,44,46,54,42,"--",44,40,43,50,42,"--",44,45,49,39,46,42,41,36,49,49,44,42,63,52,42,47,46,48,42,47,42,32,47
West Virginia,B12,"19-12",+1,47,>>,51,41,46,45,39,59,39,43,46,52,43,35,45,50,51,61,45,48,41,43,44,46,39,45,33,46,"--",38,45,45,48,47,"--",41,40,47,36,42,51,49,53,53,51,37,44,60,48,54,37,47,40,43,52,36,41,46
Drake,MVC,"30-3",+2,48,>>,32,85,63,40,33,13,66,56,56,15,66,55,23,69,57,13,38,21,68,48,49,52,76,51,58,77,"--",40,37,55,18,33,"--",60,39,34,43,73,48,21,45,59,67,42,68,23,73,48,35,36,61,66,14,45,34,45
San Diego St,MWC,"21-8",-6,49,>>,53,58,47,43,46,73,42,50,51,46,48,58,37,51,43,27,42,38,59,46,47,45,50,47,52,54,"--",42,39,48,41,35,"--",47,53,41,42,54,45,37,50,40,52,43,52,37,51,51,44,44,49,54,39,44,38,49
Boise St,MWC,"22-9",-1,50,>>,44,56,52,52,54,51,44,58,45,40,52,60,54,54,49,42,54,52,49,56,52,51,52,52,42,53,"--",55,54,51,53,46,"--",46,70,51,58,52,50,57,48,47,41,57,51,41,53,52,58,53,47,52,51,53,57,53
Colorado St,MWC,"22-9",+4,51,>>,54,48,56,55,52,39,54,45,54,21,57,41,48,57,50,49,50,58,56,54,51,54,58,49,47,58,"--",54,51,50,51,70,"--",43,90,56,55,53,43,55,30,55,47,55,43,56,56,47,56,52,46,53,50,54,56,52
SMU,ACC,"22-9",-6,52,>>,52,52,44,54,51,34,53,55,49,65,50,57,55,45,52,57,52,65,48,52,50,58,47,50,48,45,"--",58,49,46,59,65,"--",54,60,48,54,48,54,47,68,46,53,51,55,42,46,53,50,51,42,50,53,61,61,48
Texas,SEC,"17-14",+1,53,>>,49,50,54,48,57,87,41,52,42,81,44,46,60,43,46,63,41,104,42,42,53,43,38,53,53,41,"--",52,45,52,52,126,"--",52,56,55,52,41,52,68,59,42,43,53,46,57,36,44,57,50,51,44,64,55,60,54
Cincinnati,B12,"17-14",-2,54,>>,60,45,49,53,58,81,51,59,50,85,49,54,67,46,56,90,58,89,51,57,54,55,48,58,46,40,"--",63,62,54,66,89,"--",45,76,65,63,51,61,79,61,52,44,59,53,69,40,41,60,59,44,49,71,60,67,58
San Francisco,WCC,"24-8",+4,55,>>,47,65,71,58,50,35,65,70,64,47,68,75,51,66,64,39,55,40,53,58,58,67,67,62,61,71,"--",50,51,68,47,34,"--",67,59,54,49,69,58,50,62,65,75,52,70,45,79,74,52,55,78,67,43,52,53,60
Nebraska,B10,"17-14",-3,56,>>,65,53,50,56,56,70,57,63,59,114,55,52,61,58,55,68,53,66,60,49,59,48,57,57,62,57,"--",57,56,56,64,85,"--",58,33,58,61,58,60,63,67,56,55,56,56,71,55,62,61,57,63,57,65,57,50,57
UC Irvine,BWC,"27-5",+5,57,>>,55,89,59,67,53,20,71,79,62,51,61,67,49,68,65,34,64,26,57,72,56,59,85,54,78,76,"--",51,55,57,36,63,"--",68,18,45,51,75,65,38,69,84,82,50,76,35,95,75,54,56,80,70,38,58,40,51
Northwestern,B10,"16-15",-1,58,>>,64,47,51,57,65,106,45,49,55,82,53,48,64,49,47,75,60,95,63,53,55,53,49,56,55,48,"--",71,59,53,70,71,"--",49,69,68,65,49,55,73,52,50,56,61,48,70,49,61,72,58,53,51,72,72,66,63
Wake Forest,ACC,"21-10",+1,59,>>,56,66,69,51,44,64,77,62,69,49,70,63,46,64,73,44,48,61,88,50,65,72,72,61,70,64,"--",47,43,65,45,92,"--",70,65,52,45,67,59,52,60,51,57,48,66,64,62,60,42,54,64,61,48,50,58,56
Villanova,BE,"18-13",-4,60,>>,63,36,60,49,62,83,52,42,53,69,54,56,79,53,54,93,73,105,58,69,57,60,53,55,51,44,"--",72,77,58,93,74,"--",53,91,75,70,50,53,85,49,54,45,69,49,74,41,43,63,66,52,45,84,56,91,68
Dayton,A10,"22-9",+7,61,>>,62,57,76,62,60,78,79,61,67,44,78,73,57,73,74,55,67,49,64,71,62,73,75,67,80,72,"--",59,59,71,62,23,"--",76,77,63,57,82,57,56,54,68,64,60,82,62,72,58,55,60,70,75,57,51,46,69
Santa Clara,WCC,"20-12",-4,62,>>,58,46,62,75,79,52,56,57,57,92,59,62,75,59,58,96,79,78,47,76,61,56,55,59,49,62,"--",87,80,60,79,48,"--",55,68,66,77,55,56,65,70,67,60,80,54,72,69,63,92,67,59,56,69,59,62,64
McNeese St,SLC,"25-6",+3,63,>>,69,86,61,96,82,53,67,68,61,50,63,74,71,65,61,54,86,57,55,84,80,71,81,63,63,73,"--",61,82,61,63,55,"--",63,48,59,69,64,70,62,79,79,69,64,65,48,66,64,65,70,68,69,61,64,82,55
Liberty,CUSA,"25-6",+10,64,>>,67,100,64,82,73,54,74,72,66,63,67,72,56,75,62,45,80,59,74,77,64,76,86,65,56,85,"--",64,62,64,54,53,"--",66,62,61,59,77,62,53,63,85,83,71,77,61,85,71,67,64,62,72,56,69,52,62
Pittsburgh,ACC,"17-14",-2,65,>>,72,49,57,66,74,80,58,60,58,128,56,71,73,55,59,95,71,91,67,65,63,62,51,60,71,49,"--",84,70,59,80,104,"--",59,38,78,78,59,74,72,102,57,58,74,63,67,50,59,74,63,57,60,83,68,84,66
Penn St,B10,"16-15",+10,66,>>,68,54,58,61,80,89,59,38,63,95,58,66,81,56,60,80,69,128,65,60,60,57,54,64,65,52,"--",85,77,63,96,119,"--",57,42,94,80,57,64,97,56,61,61,78,57,68,57,68,81,69,55,58,90,82,87,70
Iowa,B10,"16-15",+6,67,>>,78,77,66,59,66,100,60,53,65,97,60,50,72,60,67,81,57,123,76,59,67,69,59,68,69,59,"--",65,62,72,73,122,"--",64,74,79,66,60,69,95,66,60,66,66,61,79,60,80,69,65,73,63,82,76,79,75
North Texas,AAC,"23-7",-7,68,>>,66,87,80,70,67,55,76,100,60,62,77,85,62,80,68,56,81,42,66,80,70,77,84,72,67,81,"--",62,72,77,60,52,"--",73,49,57,62,83,67,44,85,71,76,65,84,58,78,67,59,75,76,79,60,71,65,73
George Mason,A10,"24-7",-2,69,>>,61,90,83,78,61,67,88,88,74,45,91,70,59,85,85,50,78,34,62,79,73,89,92,73,75,86,"--",56,67,79,55,30,"--",87,51,60,56,90,68,51,100,82,85,63,92,54,75,76,53,61,90,90,54,63,51,65
USC,B10,"15-16",-1,70,>>,74,64,65,71,76,99,63,69,71,113,65,65,78,61,63,73,66,101,71,62,68,61,62,74,60,61,"--",79,70,67,83,72,"--",65,81,74,79,61,66,83,84,58,63,75,60,86,61,65,84,71,58,62,87,88,71,76
Kansas St,B12,"15-16",,71,>>,70,55,67,65,68,115,64,66,75,71,64,53,77,62,66,91,68,114,89,68,74,64,63,70,57,63,"--",75,72,66,76,107,"--",61,143,72,67,62,72,100,57,62,59,67,58,107,63,57,73,79,56,59,91,78,70,78
Utah,B12,"16-15",-7,72,>>,80,62,68,63,70,97,62,65,68,98,62,59,80,63,71,88,65,155,77,67,66,63,61,69,66,60,"--",69,75,69,86,137,"--",62,87,77,74,63,75,101,65,64,62,68,62,82,58,70,71,74,69,64,94,73,92,80
TCU,B12,"16-15",-9,73,>>,81,63,87,60,59,118,70,91,79,87,76,61,63,79,88,78,56,85,104,64,69,65,66,71,72,69,"--",60,58,76,67,135,"--",74,114,64,60,71,77,69,81,78,74,58,74,98,67,83,62,68,67,74,68,66,63,71
Rutgers,B10,"15-16",-2,74,>>,73,67,74,68,69,136,72,64,76,73,72,68,68,67,75,77,63,96,105,61,77,70,68,76,68,65,"--",73,67,70,71,140,"--",71,94,80,68,66,71,88,55,66,65,70,64,109,74,77,78,73,79,65,86,84,76,74
UCF,B12,"16-15",+4,75,>>,71,60,84,69,64,110,75,77,77,111,80,64,69,71,76,83,62,110,117,66,76,68,71,82,74,67,"--",67,62,75,74,117,"--",72,72,70,64,76,82,77,78,73,70,62,72,87,71,82,64,78,66,78,78,74,73,83
Bradley,MVC,"26-8",-1,76,>>,57,95,90,72,63,41,95,82,80,56,93,102,58,94,95,53,77,50,72,82,75,78,95,79,97,91,"--",70,62,89,57,68,"--",92,50,62,76,96,76,46,82,96,101,73,97,47,90,84,75,62,99,97,49,70,54,67
High Point,BSo,"29-5",+5,77,>>,59,107,73,93,77,24,93,86,82,38,88,99,66,86,83,47,91,53,70,94,78,91,102,75,83,90,"--",66,86,73,61,54,"--",88,86,67,71,88,78,61,64,93,80,82,87,51,81,72,66,72,88,89,58,85,74,61
Yale,Ivy,"20-7",+2,78,>>,92,108,55,91,108,119,82,67,70,58,71,84,93,72,72,65,108,47,45,104,71,85,91,66,73,74,"--",80,105,62,72,62,"--",81,71,89,87,74,63,70,58,94,71,98,78,65,64,55,80,85,75,76,75,80,80,59
Stanford,ACC,"19-12",-9,79,>>,77,79,88,76,71,77,84,80,83,79,86,83,65,84,86,76,74,74,92,75,81,84,79,81,81,83,"--",77,69,80,69,83,"--",84,92,69,73,86,80,66,89,70,78,76,85,83,91,88,68,76,86,84,66,62,75,77
St Joseph's PA,A10,"20-11",-2,80,>>,76,74,70,95,97,62,86,74,73,78,81,91,86,78,78,92,95,76,54,91,79,82,83,78,79,79,"--",109,90,74,100,37,"--",77,96,84,95,81,73,74,77,77,68,101,79,78,70,66,94,82,72,77,74,65,68,79
Arizona St,B12,"13-18",-4,81,>>,99,70,78,74,72,152,61,81,72,142,69,82,85,70,70,89,72,93,83,74,72,66,64,80,64,68,"--",76,79,81,94,82,"--",69,67,82,82,65,89,109,97,83,81,72,69,122,76,85,79,81,60,73,105,91,78,86
LSU,SEC,"14-17",-1,82,>>,79,81,89,77,84,129,73,89,86,126,75,77,83,77,81,86,59,151,84,63,87,75,65,77,82,66,"--",74,59,87,78,150,"--",82,79,81,85,70,84,112,94,74,79,81,73,100,68,81,83,77,77,80,101,107,100,90
Minnesota,B10,"15-16",,83,>>,82,78,96,80,78,140,87,85,94,100,90,88,76,89,89,74,70,106,98,73,84,74,82,94,84,88,"--",82,72,88,89,139,"--",89,119,76,83,84,81,81,71,72,86,79,81,112,88,86,85,80,84,85,88,97,64,89
South Carolina,SEC,"12-19",+1,84,>>,86,76,77,85,96,150,69,71,87,123,73,78,90,76,69,110,75,127,82,70,83,79,70,87,76,75,"--",99,76,78,98,121,"--",78,85,99,107,72,79,118,83,69,73,100,67,141,80,79,106,83,71,68,119,129,101,92
Florida St,ACC,"17-14",+6,85,>>,87,84,82,83,85,91,85,75,89,107,82,86,84,82,87,111,85,115,86,81,82,86,77,84,91,80,"--",107,83,85,107,103,"--",85,57,106,94,85,86,91,95,75,88,85,86,88,84,87,86,86,87,82,97,90,109,88
Arkansas St,SBC,"24-9",+4,86,>>,75,92,75,109,103,46,96,87,90,89,89,120,98,88,90,67,116,70,69,106,91,92,99,86,90,92,"--",98,108,82,92,57,"--",90,78,102,90,93,92,84,86,101,91,104,93,66,87,73,96,92,93,93,81,77,88,81
Akron,MAC,"25-6",+2,87,>>,83,117,92,99,83,74,119,109,96,59,102,97,70,101,100,58,97,44,73,102,96,98,115,90,98,111,"--",68,88,91,65,51,"--",118,83,71,72,109,83,64,122,110,110,83,115,76,114,102,70,84,103,112,63,81,72,72
Grand Canyon,WAC,"23-7",-4,88,>>,91,110,94,92,90,60,98,103,99,70,97,103,89,97,99,62,98,107,97,98,88,96,104,98,85,93,"--",81,90,94,87,94,"--",99,103,73,81,98,88,75,106,88,90,88,99,52,92,69,87,89,96,95,70,93,103,85
Georgetown,BE,"17-14",+3,89,>>,84,72,85,84,81,109,83,78,88,129,85,87,108,83,84,115,88,143,91,86,85,88,78,92,94,82,"--",92,92,90,118,141,"--",83,89,92,88,80,99,115,96,81,87,84,80,99,82,110,77,87,83,81,115,79,122,96
UNLV,MWC,"17-14",+4,90,>>,94,88,104,89,86,102,90,99,95,84,92,92,82,96,91,106,82,102,100,83,90,90,89,93,86,99,"--",103,84,93,97,109,"--",91,109,87,111,91,85,92,80,86,92,87,88,108,93,92,101,88,81,92,92,75,95,94
Oregon St,WCC,"20-12",-5,91,>>,90,83,86,97,101,68,80,84,85,143,83,93,103,90,82,101,93,132,81,92,95,87,80,83,93,94,"--",100,102,92,112,102,"--",86,55,85,100,87,96,107,132,99,96,103,90,73,98,99,113,90,97,91,103,67,114,98
Butler,BE,"13-18",-5,92,>>,105,69,79,81,95,160,68,76,81,144,74,79,124,74,77,119,94,163,90,88,86,80,69,88,77,70,"--",119,103,84,143,105,"--",75,135,125,128,68,87,138,76,80,77,106,71,130,65,78,102,100,74,71,137,114,132,106
Nevada,MWC,"16-15",-5,93,>>,95,82,81,88,110,101,81,95,78,153,79,95,106,81,79,123,89,148,78,87,93,81,73,85,92,78,"--",126,100,83,124,123,"--",80,73,109,131,78,93,121,101,76,72,111,83,102,77,95,127,91,85,83,121,116,123,100
Oklahoma St,B12,"15-16",+1,94,>>,98,80,109,73,75,126,94,90,92,93,96,69,88,95,96,105,76,152,168,78,89,93,90,101,87,95,"--",78,81,97,105,148,"--",93,160,101,75,92,95,113,72,91,89,77,89,126,101,93,76,93,91,87,111,111,106,108
St Bonaventure,A10,"21-10",+2,95,>>,101,105,98,101,100,79,99,106,97,108,99,121,96,104,101,79,100,75,94,99,99,102,109,95,88,107,"--",94,98,109,91,39,"--",107,64,97,93,111,103,82,118,104,113,90,116,80,108,115,88,99,95,109,80,87,83,103
UNC Wilmington,CAA,"25-7",+2,96,>>,88,120,93,113,109,50,115,92,101,74,109,107,94,110,104,69,114,71,79,113,101,116,118,91,107,109,"--",90,105,96,85,61,"--",106,105,90,106,110,91,71,73,121,102,110,104,75,107,89,89,95,122,110,77,108,97,84
Lipscomb,ASUN,"25-9",+4,97,>>,102,103,72,122,118,45,91,119,84,80,87,108,117,92,80,99,131,100,75,111,92,99,105,89,99,98,"--",104,142,86,102,67,"--",94,66,108,99,95,101,114,103,113,107,113,95,77,104,98,116,104,108,98,98,86,104,82
"Loyola-Chicago",A10,"21-10",+11,98,>>,93,98,122,102,98,104,118,83,109,68,124,89,87,111,113,82,99,83,106,100,102,114,112,100,103,106,"--",105,92,110,95,64,"--",111,151,103,97,120,90,78,75,106,99,105,110,81,102,100,95,97,102,108,76,106,77,107
Colorado,B12,"12-19",+11,99,>>,110,75,97,79,94,183,78,73,91,136,84,76,116,87,92,124,84,202,114,85,94,83,74,97,89,84,"--",115,95,95,133,196,"--",79,152,129,117,79,102,146,74,87,84,96,75,139,89,91,105,101,82,86,138,123,120,124
Northern Iowa,MVC,"20-12",-7,100,>>,85,96,105,112,112,88,105,101,93,103,100,115,95,100,102,125,103,84,80,103,98,97,103,96,116,104,"--",132,95,98,103,76,"--",97,137,107,132,100,97,87,113,109,108,118,103,104,112,109,143,98,94,102,93,105,85,97
Virginia,ACC,"15-16",-5,101,>>,104,94,117,86,87,127,97,113,106,106,103,81,92,99,103,109,87,113,130,90,107,104,96,105,96,100,"--",108,86,100,114,113,"--",101,158,91,109,99,100,104,105,92,98,91,98,146,99,104,93,94,98,99,113,121,112,104
MTSU,CUSA,"21-10",-2,102,>>,89,132,112,118,93,178,111,111,105,94,108,114,74,120,116,98,96,60,99,101,100,112,116,99,115,121,"--",102,84,106,68,97,"--",109,84,83,91,115,105,67,114,114,119,93,117,106,140,124,107,96,112,118,67,96,69,93
Utah Valley,WAC,"23-7",+4,103,>>,117,138,107,104,89,84,114,133,108,60,111,96,100,118,121,71,113,79,127,124,97,105,123,103,117,117,"--",83,108,105,81,164,"--",108,141,86,84,112,106,89,90,122,114,86,108,84,131,101,82,108,139,113,89,98,121,87
Georgia Tech,ACC,"16-15",-5,104,>>,100,91,113,98,104,111,101,94,116,83,101,80,107,98,97,108,90,181,139,93,113,95,93,104,100,96,"--",116,95,104,130,147,"--",98,210,113,108,97,104,129,91,97,97,102,96,120,97,94,100,103,105,96,126,92,129,112
St Louis,A10,"18-13",-1,105,>>,119,104,115,116,115,123,104,104,102,77,107,101,110,109,106,128,109,82,87,108,105,106,108,114,109,108,"--",127,112,113,117,59,"--",102,116,118,123,102,94,108,99,98,95,114,101,128,109,90,120,110,100,100,109,94,86,119
Chattanooga,SC,"24-9",-4,106,>>,108,123,102,115,105,58,133,134,112,64,116,116,114,119,110,94,120,81,111,123,106,113,139,102,131,120,"--",93,118,102,90,81,"--",121,149,88,96,122,107,90,88,124,106,109,120,90,133,111,99,111,121,117,95,95,89,95
Troy,SBC,"22-10",+9,107,>>,123,118,95,123,128,95,112,122,104,102,104,104,119,105,98,114,136,99,95,125,108,132,114,106,104,110,"--",110,125,103,116,79,"--",100,110,126,115,107,108,124,87,115,104,127,106,93,111,97,111,116,104,107,116,104,126,101
CS Northridge,BWC,"22-9",-3,108,>>,125,137,100,136,113,69,109,129,103,86,98,94,111,116,105,87,105,108,109,112,104,101,117,111,123,125,"--",96,112,101,82,174,"--",114,104,100,103,114,120,111,125,119,122,108,107,97,128,125,114,112,106,115,99,101,113,99
UAB,AAC,"20-11",-6,109,>>,114,109,120,106,116,85,117,112,113,75,119,105,113,108,117,117,122,109,96,120,119,107,110,110,105,102,"--",124,117,114,122,56,"--",116,120,111,126,113,98,93,107,105,100,126,114,95,103,96,119,114,114,105,107,124,118,116
Furman,SC,"25-8",+13,110,>>,97,161,116,110,92,96,134,120,121,76,130,117,102,128,135,72,115,68,103,127,110,121,149,109,139,123,"--",88,111,116,77,116,"--",129,111,104,86,138,118,86,92,135,130,89,123,89,130,123,90,102,141,135,79,99,81,91
Washington St,WCC,"19-14",+1,111,>>,106,101,124,87,88,75,110,118,110,134,114,125,104,117,122,126,92,118,142,95,114,103,106,108,108,116,"--",111,100,123,115,69,"--",122,63,110,116,116,124,102,145,107,125,94,124,94,115,139,112,106,126,120,114,89,116,125
Notre Dame,ACC,"14-17",+8,112,>>,121,71,99,103,117,168,92,93,100,120,95,100,125,91,93,133,104,177,119,96,111,110,88,107,95,87,"--",151,114,99,151,128,"--",96,118,145,135,94,110,144,112,89,93,117,94,142,86,103,124,113,89,94,144,177,150,121
Belmont,MVC,"22-11",+5,113,>>,96,114,140,105,91,103,139,105,129,90,134,139,91,130,127,112,102,87,116,109,103,123,122,119,128,137,"--",118,92,122,88,90,"--",125,129,95,124,132,112,80,93,120,129,112,130,92,163,145,118,105,127,127,85,120,93,111
Washington,B10,"13-18",-8,114,>>,115,113,138,94,102,190,100,108,114,164,106,98,112,107,108,104,83,165,167,89,116,94,94,122,118,105,"--",113,89,124,127,145,"--",112,125,114,110,101,123,135,128,95,111,92,105,156,105,117,110,109,115,103,133,141,107,139
FL Atlantic,AAC,"17-14",-1,115,>>,122,115,108,100,114,117,102,96,107,115,105,131,123,102,109,144,123,94,107,121,112,115,107,118,106,103,"--",148,118,112,129,111,"--",103,130,130,153,106,109,131,111,102,103,130,109,116,100,112,133,122,111,106,127,132,133,122
Providence,BE,"12-19",-8,116,>>,124,73,101,90,119,182,89,102,98,195,94,90,142,93,94,140,107,179,118,97,109,100,87,120,102,89,"--",155,124,108,159,138,"--",95,106,148,154,89,111,162,126,90,94,121,91,154,83,106,128,119,92,88,156,157,142,137
G Washington,A10,"20-11",+5,117,>>,111,106,111,130,131,82,113,115,118,119,122,110,126,112,107,121,124,131,112,117,115,117,111,115,110,114,"--",131,125,115,126,108,"--",110,98,127,125,118,113,116,117,112,115,129,113,118,113,105,125,115,107,114,118,122,117,127
Samford,SC,"22-10",-7,118,>>,128,130,91,125,120,105,122,146,115,146,110,165,137,114,115,113,139,90,93,134,118,111,129,123,137,115,"--",112,139,107,111,93,"--",128,80,105,101,124,129,122,151,127,116,116,131,91,116,120,117,117,131,121,117,103,102,105
Col Charleston,CAA,"24-8",-2,119,>>,113,135,142,111,99,61,159,132,147,91,149,146,99,148,154,70,110,72,144,122,123,141,158,117,158,141,"--",97,104,133,84,84,"--",156,97,96,98,157,121,76,143,136,145,95,159,85,123,131,91,107,159,149,73,110,90,109
Kent,MAC,"21-10",-1,120,>>,107,146,130,133,132,107,131,137,120,110,132,129,109,127,128,103,126,73,85,133,124,130,136,113,122,129,"--",114,118,125,106,66,"--",130,133,121,121,133,115,96,140,123,126,140,133,115,126,116,123,118,124,132,100,109,110,110
Louisiana Tech,CUSA,"20-11",-6,121,>>,112,169,125,121,130,112,137,123,125,131,123,132,105,123,123,118,118,88,115,110,121,127,125,112,133,126,"--",128,105,120,110,130,"--",120,99,116,119,128,116,99,109,128,121,125,134,114,139,122,139,125,135,119,110,133,98,129
N Colorado,BSC,"24-8",+3,122,>>,131,148,119,124,111,94,126,125,119,109,126,111,133,131,129,107,134,122,146,137,125,109,138,127,120,136,"--",95,134,128,113,125,"--",131,139,120,105,127,138,130,123,132,137,107,122,105,134,129,103,131,118,131,123,100,146,114
Syracuse,ACC,"13-18",+10,123,>>,132,97,131,108,126,171,106,97,131,140,115,109,129,103,112,138,106,173,151,105,131,136,101,124,112,101,"--",152,115,119,155,120,"--",104,164,154,150,104,117,148,98,103,112,123,100,167,96,108,126,124,119,101,150,185,151,138
North Alabama,ASUN,"24-10",+2,124,>>,129,128,103,154,145,49,123,131,111,118,117,123,143,121,111,127,159,119,113,146,132,119,128,121,111,135,"--",121,154,111,132,98,"--",117,117,124,114,119,128,128,134,155,134,131,118,103,155,134,136,139,110,123,129,112,143,117
Jacksonville St,CUSA,"20-11",-12,125,>>,109,140,129,127,122,176,124,149,123,121,125,118,101,129,119,122,117,80,136,119,126,126,132,116,135,142,"--",122,108,117,104,188,"--",123,150,93,113,125,119,98,136,129,138,120,127,145,150,151,135,120,123,124,112,119,94,120
UC Riverside,BWC,"21-11",+2,126,>>,103,144,152,132,106,108,143,173,133,96,138,112,97,151,137,97,101,64,152,115,120,124,150,131,145,162,"--",91,98,134,75,168,"--",147,163,98,89,147,130,94,127,144,160,97,141,135,193,159,108,123,136,147,96,83,96,123
Towson,CAA,"22-10",+3,127,>>,120,131,136,126,121,86,162,116,138,67,156,148,115,145,149,120,133,69,138,138,127,163,168,132,159,144,"--",117,125,132,101,101,"--",149,189,117,120,153,114,103,110,146,136,115,144,117,137,132,115,126,156,142,102,115,105,102
St Thomas MN,SL,"24-10",+3,128,>>,127,122,118,141,129,139,125,178,117,150,120,133,147,133,126,132,142,116,124,145,117,108,137,135,113,140,"--",125,148,131,125,124,"--",133,82,123,118,121,142,133,152,147,135,122,137,96,149,133,137,142,116,133,134,113,141,128
California,ACC,"13-18",-5,129,>>,139,99,127,120,137,174,107,110,126,187,112,124,140,113,114,134,111,203,149,107,130,129,98,125,126,113,"--",160,118,118,169,189,"--",105,168,146,158,103,134,154,115,100,105,139,102,177,106,114,138,129,113,111,161,186,158,145
Robert Morris,HL,"24-8",+7,130,>>,126,139,143,147,127,76,155,128,144,72,150,113,121,159,147,100,138,112,125,140,138,139,157,129,152,176,"--",106,134,136,108,151,"--",140,170,115,112,142,122,106,108,153,150,119,126,111,171,146,109,128,145,148,106,125,124,115
Wichita St,AAC,"18-13",-10,131,>>,116,121,157,117,123,116,130,155,140,139,135,151,127,132,138,139,127,139,135,126,128,120,119,133,147,128,"--",139,125,141,138,143,"--",137,166,119,133,139,135,110,135,117,131,132,143,134,122,128,130,134,157,126,132,128,139,150
Illinois St,MVC,"19-14",-5,132,>>,118,111,141,128,133,124,142,124,122,133,137,171,130,141,141,156,132,130,120,130,129,133,126,136,130,139,"--",169,131,137,131,73,"--",132,140,132,166,135,132,132,144,131,140,144,136,133,124,149,162,130,120,138,130,160,127,135
DePaul,BE,"13-18",+17,133,>>,138,102,134,119,125,170,108,98,128,178,118,128,154,115,125,147,119,232,153,116,122,125,100,134,121,112,"--",135,136,130,185,149,"--",113,172,165,149,108,145,176,131,111,120,128,111,180,110,127,122,135,109,116,173,183,174,162
South Alabama,SBC,"21-11",-2,134,>>,140,133,121,150,153,98,121,138,124,151,127,134,145,126,118,141,154,140,110,149,144,159,130,126,134,133,"--",134,150,127,142,132,"--",124,113,137,152,130,133,136,137,133,124,163,129,131,138,118,141,137,133,129,141,127,162,131
Rhode Island,A10,"18-12",,135,>>,136,136,153,137,135,130,129,114,135,174,140,149,131,135,140,129,130,121,101,128,134,135,120,144,149,130,"--",144,132,144,134,136,"--",143,107,143,129,145,144,125,153,116,144,137,149,119,125,140,131,127,144,139,122,147,108,146
Miami OH,MAC,"23-8",+7,136,>>,133,195,144,146,124,93,172,143,150,117,161,140,120,160,160,84,137,98,141,139,141,145,167,140,151,160,"--",101,125,143,109,110,"--",163,88,122,104,165,139,105,157,159,161,124,160,113,147,154,104,121,152,160,104,117,128,113
Cornell,Ivy,"17-10",+4,137,>>,169,186,110,153,163,205,148,117,127,122,133,130,159,122,133,130,163,124,108,157,137,154,141,128,129,118,"--",136,160,121,147,95,"--",139,122,157,143,129,125,143,116,154,117,159,128,136,118,113,134,144,101,128,142,156,144,132
NC State,ACC,"12-19",,138,>>,146,93,128,107,147,189,103,107,132,204,113,119,156,106,124,152,128,245,159,114,142,134,97,137,114,97,"--",185,136,126,191,146,"--",115,145,163,169,105,131,177,146,108,109,152,112,138,94,107,151,140,117,104,183,203,178,160
New Mexico St,CUSA,"17-14",+8,139,>>,158,149,148,152,156,177,116,150,141,135,131,127,136,139,130,151,140,141,157,135,140,128,135,148,101,148,"--",164,139,139,141,99,"--",119,153,140,156,126,127,149,130,137,132,149,119,171,165,147,170,152,125,125,146,126,125,157
Kennesaw,CUSA,"18-13",+8,140,>>,148,168,156,155,138,166,135,147,142,130,139,137,118,150,132,153,129,103,150,129,135,140,145,138,132,166,"--",156,122,140,120,176,"--",138,192,134,130,141,136,126,120,149,155,135,138,169,191,166,157,138,138,137,131,142,99,144
WI Milwaukee,HL,"21-11",-7,141,>>,147,145,123,159,146,142,154,153,136,127,136,167,146,143,146,143,152,120,126,147,145,137,148,139,163,145,"--",149,150,135,137,114,"--",145,121,139,144,137,141,137,171,139,142,146,147,125,145,138,145,141,150,143,136,138,135,134
Montana,BSC,"23-9",+2,142,>>,144,201,176,129,107,92,182,176,156,88,174,126,122,181,178,102,121,77,172,136,143,151,175,146,146,185,"--",86,116,157,99,127,"--",175,207,112,92,170,157,119,150,180,172,99,165,129,194,181,97,133,151,172,108,102,134,130
S Dakota St,SL,"20-12",-14,143,>>,143,125,137,144,151,120,120,184,130,192,121,179,165,136,136,160,160,167,122,158,133,118,121,130,127,138,"--",138,164,149,157,161,"--",136,123,147,138,117,153,163,168,158,127,147,145,110,160,144,149,163,129,136,163,130,171,158
Virginia Tech,ACC,"13-18",-8,144,>>,154,112,182,114,134,208,147,126,167,132,152,106,134,138,157,137,112,191,184,118,147,153,113,142,140,119,"--",179,122,147,160,212,"--",146,239,155,170,134,140,152,121,118,123,134,135,173,121,137,140,136,140,130,159,198,152,161
Winthrop,BSo,"23-11",+14,145,>>,130,171,155,151,140,173,171,152,166,104,163,143,132,154,161,136,144,97,133,152,152,149,169,149,172,150,"--",130,142,145,121,129,"--",158,194,135,137,163,143,117,141,152,156,136,150,137,156,153,129,132,158,161,125,134,136,126
N Dakota St,SL,"21-11",-7,146,>>,142,141,146,163,149,128,128,230,137,185,129,152,162,144,134,142,155,159,123,162,136,122,134,150,119,153,"--",142,160,154,150,91,"--",142,93,144,134,123,156,151,187,161,157,142,151,124,177,142,154,162,147,144,153,135,149,153
James Madison,SBC,"20-12",-7,147,>>,153,160,163,142,141,143,181,204,161,124,171,138,135,161,163,145,147,86,134,148,160,155,171,154,161,159,"--",158,142,159,128,75,"--",177,154,133,136,179,154,120,174,145,153,148,197,123,136,167,146,145,167,165,128,144,111,142
Wofford,SC,"18-15",+21,148,>>,167,150,106,167,173,125,144,130,134,149,128,144,183,124,120,186,184,138,102,170,150,148,159,152,144,131,"--",196,188,129,167,88,"--",127,101,182,180,140,149,184,139,157,139,170,125,175,144,119,191,169,149,134,181,166,145,141
Murray St,MVC,"16-17",+7,149,>>,134,119,154,143,150,162,141,121,146,167,142,136,148,134,142,154,148,149,158,143,146,131,140,153,167,124,"--",216,146,150,148,192,"--",135,146,161,212,146,151,158,124,141,147,166,139,172,120,148,207,149,142,146,158,193,137,152
Davidson,A10,"16-15",-5,150,>>,168,126,159,140,157,188,138,135,151,205,147,163,158,140,144,172,150,171,132,141,148,157,127,157,138,132,"--",178,150,155,172,112,"--",148,138,160,176,148,147,153,160,125,133,164,146,152,129,135,158,150,146,140,154,178,153,177
NE Omaha,SL,"22-12",+22,151,>>,151,151,161,162,144,90,158,167,165,101,157,122,153,173,158,168,157,129,155,164,139,150,166,141,125,187,"--",146,155,160,146,142,"--",144,217,158,147,143,148,156,104,192,158,143,142,144,211,160,152,166,128,150,148,131,159,148
Loy Marymount,WCC,"17-15",,152,>>,141,134,195,134,136,133,153,145,162,186,159,161,139,156,155,148,125,168,169,132,161,160,131,145,148,154,"--",140,133,167,154,144,"--",154,167,141,148,149,155,141,164,142,149,141,154,162,169,169,166,143,132,158,143,153,155,169
WKU,CUSA,"17-14",-7,153,>>,135,172,172,148,148,151,152,201,154,169,151,180,128,153,152,155,135,126,147,131,154,147,152,143,157,155,"--",163,125,156,135,131,"--",162,134,128,139,159,152,134,176,138,169,145,187,150,196,179,165,147,163,155,135,154,119,165
Tulane,AAC,"18-13",+4,154,>>,162,129,162,135,155,138,140,141,152,112,148,142,155,147,150,174,161,174,140,161,151,164,133,151,143,146,"--",176,160,152,175,167,"--",141,190,174,172,144,137,168,129,130,143,168,140,149,142,143,161,157,134,141,162,164,183,171
Duquesne,A10,"13-18",-1,155,>>,159,116,145,164,183,185,132,127,145,152,141,135,175,125,131,167,168,178,121,156,162,158,124,167,124,122,"--",245,174,151,200,60,"--",126,159,192,222,131,126,194,119,126,118,191,121,205,117,121,279,165,130,122,185,208,140,184
UNC Greensboro,SC,"20-12",-14,156,>>,163,158,126,160,162,197,150,169,139,154,144,155,167,146,145,149,165,156,137,166,155,142,163,147,170,147,"--",157,168,142,152,200,"--",153,115,142,145,156,158,157,163,169,152,160,157,151,127,141,160,155,153,156,155,136,138,140
Bryant,AEC,"21-11",+3,157,>>,179,180,114,174,168,207,164,136,149,116,153,170,178,142,156,170,194,125,128,180,157,171,185,158,164,127,"--",150,188,138,156,80,"--",165,131,167,164,160,146,169,133,168,128,172,153,140,141,130,147,164,143,151,160,143,173,136
Temple,AAC,"17-14",+13,158,>>,145,127,181,131,143,172,145,142,159,145,160,181,151,155,162,157,151,160,178,151,149,143,147,169,155,149,"--",183,149,168,158,203,"--",155,112,171,161,162,160,160,159,143,173,154,166,132,132,164,153,156,166,154,149,152,161,174
Central Conn,NEC,"25-6",-2,159,>>,137,188,139,185,154,155,189,174,157,99,180,158,150,180,177,85,164,133,145,169,172,188,204,155,184,184,"--",89,164,146,119,180,"--",185,165,136,102,190,166,127,180,185,193,138,175,101,166,158,98,146,190,198,120,118,167,118
UC Santa Barbara,BWC,"19-12",-7,160,>>,150,170,164,157,164,132,136,186,143,173,145,145,157,152,148,164,149,197,163,154,156,138,142,156,150,157,"--",154,146,165,149,207,"--",151,174,153,160,150,162,155,185,150,162,162,152,155,159,150,179,158,137,153,157,159,176,172
Princeton,Ivy,"19-10",+5,161,>>,155,212,192,138,139,241,196,211,169,138,187,169,138,175,181,116,143,92,175,160,153,169,191,166,207,164,"--",123,139,180,123,194,"--",207,124,131,122,196,163,123,179,160,164,133,212,121,135,152,121,148,183,186,124,145,115,151
Cleveland St,HL,"21-11",+2,162,>>,157,164,158,161,159,121,184,182,173,148,166,172,152,168,166,146,158,154,182,159,164,162,172,163,171,172,"--",141,155,162,145,152,"--",161,136,152,146,164,150,145,183,162,166,158,161,161,168,171,148,153,164,168,140,146,147,147
UTEP,CUSA,"17-14",-14,163,>>,160,178,178,158,158,204,149,227,160,242,155,176,144,163,159,159,145,146,148,144,159,152,156,159,141,169,"--",174,145,171,144,134,"--",157,102,138,151,155,164,147,196,164,154,155,174,178,199,168,180,159,154,159,147,163,130,183
IL Chicago,MVC,"18-14",-13,164,>>,149,154,166,156,142,237,177,157,155,189,167,175,141,166,175,150,141,135,170,142,158,146,161,168,190,161,"--",171,136,172,140,183,"--",168,108,151,167,167,169,139,228,156,182,150,188,148,154,210,159,151,182,173,139,140,131,154
ETSU,SC,"19-13",-10,165,>>,161,155,133,169,174,131,146,179,148,141,146,168,187,149,143,194,187,175,143,175,165,156,164,164,166,152,"--",190,188,148,174,204,"--",150,132,164,171,154,165,180,148,166,146,174,155,147,153,136,182,174,165,152,179,171,156,168
Radford,BSo,"20-13",+2,166,>>,170,196,149,176,160,141,180,181,163,163,164,177,161,165,153,173,162,134,173,163,166,174,188,172,156,180,"--",153,159,158,139,177,"--",169,142,150,163,171,167,150,154,176,175,151,158,164,176,178,144,154,155,171,152,139,157,143
East Carolina,AAC,"18-13",-6,167,>>,152,166,200,149,152,210,166,154,174,125,175,153,149,167,174,163,153,184,177,155,168,170,154,165,183,165,"--",173,153,175,171,228,"--",166,200,156,165,168,161,140,142,140,148,161,177,163,157,185,156,161,181,163,151,173,160,189
Norfolk St,MEAC,"21-10",-6,168,>>,164,205,132,191,170,114,168,195,181,165,162,183,177,170,176,131,191,142,161,198,163,165,195,174,188,170,"--",120,193,153,153,209,"--",178,148,159,127,173,179,164,189,199,192,157,168,127,164,157,132,167,195,180,166,137,179,133
PFW,HL,"19-13",-4,169,>>,175,184,135,179,175,154,173,191,158,215,154,186,174,157,165,189,175,164,164,171,169,161,165,160,176,151,"--",181,177,161,164,154,"--",159,100,170,173,158,176,171,195,170,159,171,171,158,148,163,178,168,170,164,170,161,169,156
Marshall,SBC,"20-13",,170,>>,156,163,170,168,166,122,187,166,178,137,176,154,164,172,170,191,177,153,166,173,171,177,177,170,173,174,"--",186,171,166,168,115,"--",172,180,169,181,175,159,159,138,173,151,179,176,166,180,155,174,171,178,167,164,165,163,176
Nicholls St,SLC,"19-12",-4,171,>>,172,221,160,186,176,211,174,170,168,177,168,188,163,174,171,166,173,145,193,179,184,168,176,171,169,175,"--",137,171,169,162,172,"--",164,216,162,141,166,168,161,192,183,196,153,162,176,178,175,155,170,176,178,167,149,164,159
Cal Baptist,WAC,"16-14",+6,172,>>,180,153,171,172,169,165,161,172,170,175,165,162,170,162,164,182,167,201,180,167,167,167,160,173,154,158,"--",189,167,170,182,162,"--",167,199,179,187,161,180,175,175,167,163,178,170,185,167,162,193,172,175,162,176,182,190,179
TAM C. Christi,SLC,"20-13",+6,173,>>,184,191,150,198,213,212,151,140,164,224,158,156,185,158,151,202,198,176,154,197,199,166,162,161,142,163,"--",159,196,164,197,133,"--",152,144,185,157,151,170,186,178,187,183,175,148,174,158,177,181,176,179,175,189,148,195,155
Lamar,SLC,"19-12",+9,174,>>,189,214,173,205,185,163,156,189,177,160,169,147,168,185,168,175,183,150,171,203,188,189,184,162,175,208,"--",145,174,173,190,211,"--",170,223,168,162,169,173,167,166,189,198,169,164,188,215,190,163,178,198,181,175,155,194,163
Seattle,WAC,"13-17",+9,175,>>,213,156,147,182,221,244,127,144,153,210,143,164,222,137,139,198,214,225,131,194,170,144,146,182,136,134,"--",235,218,163,230,160,"--",134,182,227,227,136,171,232,149,148,141,219,132,216,143,126,328,205,148,145,232,209,218,193
UNC Asheville,BSo,"21-11",-1,176,>>,185,240,175,180,161,134,216,251,193,159,199,225,160,200,202,135,166,111,225,174,174,184,226,178,225,195,"--",133,163,181,136,191,"--",213,147,149,140,209,191,142,225,198,204,156,215,160,189,202,142,160,208,204,145,150,148,149
San Jose St,MWC,"14-18",,177,>>,173,165,198,170,167,220,165,159,180,193,170,160,169,178,169,161,156,226,210,153,178,178,144,176,160,183,"--",201,155,179,204,227,"--",160,221,187,215,152,174,195,169,163,168,173,163,221,185,206,183,179,173,157,199,199,196,203
FGCU,ASUN,"18-14",-4,178,>>,165,175,169,195,179,135,163,208,175,183,173,218,184,177,173,192,185,194,181,183,175,179,174,175,165,181,"--",192,186,177,178,166,"--",171,173,181,185,176,189,185,208,184,185,183,181,170,179,176,252,181,180,187,186,175,175,182
Appalachian St,SBC,"17-14",-7,179,>>,211,200,177,183,187,158,170,196,172,227,181,182,182,169,172,201,190,166,160,187,179,193,187,181,162,171,"--",194,184,182,188,100,"--",196,128,178,202,185,184,179,217,177,174,208,202,165,162,170,258,180,200,177,184,180,181,187
Ohio,MAC,"16-15",-17,180,>>,178,177,183,189,197,191,194,202,176,212,186,190,176,182,197,176,188,162,129,189,200,180,182,177,181,168,"--",220,179,185,184,118,"--",190,169,183,220,188,175,178,229,165,171,218,192,187,152,165,221,177,161,185,178,206,154,180
Jacksonville,ASUN,"19-13",-1,181,>>,188,198,185,194,171,113,179,245,183,196,178,208,173,196,180,179,182,161,200,176,173,194,197,180,191,211,"--",161,179,183,166,173,"--",194,126,166,155,198,194,173,226,188,207,165,204,182,225,212,169,185,184,200,171,158,168,185
Boston College,ACC,"12-19",-6,182,>>,166,143,231,145,165,231,160,183,204,225,196,157,171,176,183,169,146,257,254,150,177,175,151,205,177,167,"--",210,155,197,212,220,"--",181,251,188,189,177,190,198,191,134,176,167,167,208,161,187,167,173,168,169,195,228,203,217
Youngstown St,HL,"20-12",+4,183,>>,171,192,187,178,177,146,210,222,190,147,195,199,172,197,203,177,180,189,228,185,180,186,205,179,210,188,"--",175,179,189,173,225,"--",200,186,173,177,199,178,172,204,182,189,176,198,153,186,204,173,175,196,201,172,176,185,170
Merrimack,MAAC,"17-14",+15,184,>>,182,190,167,209,201,147,199,160,179,166,194,220,193,188,184,206,203,144,156,201,181,220,209,184,196,192,"--",188,193,184,176,153,"--",199,176,199,194,200,177,181,206,203,195,206,196,183,198,173,192,186,191,192,182,179,180,178
Oakland,HL,"16-17",+23,185,>>,186,147,196,181,184,167,197,180,194,157,183,202,181,189,179,188,186,169,189,191,186,195,189,188,194,200,"--",207,186,188,179,159,"--",184,203,189,195,183,185,196,162,179,177,189,186,202,207,191,319,192,194,183,190,222,170,190
Drexel,CAA,"18-15",+7,186,>>,181,159,174,188,199,156,192,139,185,158,189,187,205,183,188,218,205,199,179,200,176,182,198,183,186,179,"--",237,206,186,195,218,"--",186,185,208,228,193,172,190,155,200,184,203,178,168,175,174,278,190,193,182,193,201,199,188
Sam Houston St,CUSA,"13-18",+14,187,>>,216,207,191,187,200,304,157,203,171,182,172,173,179,171,167,180,178,192,212,172,182,173,179,185,153,178,"--",228,174,187,192,202,"--",174,201,210,207,178,182,213,147,175,167,202,182,229,203,183,326,207,160,170,212,226,172,212
Vermont,AEC,"21-11",+1,188,>>,191,250,213,184,182,235,251,190,225,105,238,191,180,210,231,162,199,137,188,211,196,240,257,208,216,194,"--",147,196,208,165,156,"--",239,208,175,159,245,181,170,156,209,186,181,229,159,173,161,150,184,237,213,168,169,177,173
E Kentucky,ASUN,"18-14",-8,189,>>,174,183,168,199,188,144,191,244,187,199,182,210,195,198,182,203,197,185,199,195,190,200,199,193,180,213,"--",180,201,176,186,182,"--",183,235,190,182,194,192,197,214,210,205,188,190,191,224,197,185,197,177,199,197,170,200,192
Quinnipiac,MAAC,"19-12",-8,190,>>,190,227,184,210,194,180,213,216,192,156,210,221,191,214,214,207,211,117,162,218,194,236,234,190,204,212,"--",166,193,195,163,155,"--",218,155,172,186,210,186,174,230,197,187,193,214,157,200,184,172,189,226,205,174,172,189,175
S Illinois,MVC,"15-19",,191,>>,177,157,218,173,180,239,193,161,198,197,204,200,186,199,195,181,169,187,185,168,185,191,180,195,179,199,"--",261,168,203,194,163,"--",192,236,203,255,197,188,200,197,181,188,214,203,227,206,221,203,193,215,194,198,239,182,215
Portland St,BSC,"19-12",-4,192,>>,196,216,193,190,181,164,188,199,191,188,193,150,214,201,196,213,204,211,227,202,189,185,202,186,174,205,"--",184,206,196,202,223,"--",195,205,200,183,191,204,215,199,208,197,177,172,193,222,189,186,198,189,197,213,184,232,186
SE Missouri St,OVC,"21-12",-3,193,>>,183,203,165,227,204,157,205,217,188,171,200,185,203,215,207,212,224,158,165,219,206,201,216,187,200,221,"--",177,206,178,181,165,"--",201,232,186,191,204,195,187,203,243,203,195,194,211,243,216,327,183,186,214,188,162,193,164
Wyoming,MWC,"12-19",-9,194,>>,199,162,212,165,178,236,175,198,196,277,179,230,190,187,185,187,170,236,234,165,191,181,155,204,185,190,"--",202,164,190,224,233,"--",191,195,206,204,172,197,214,236,178,181,185,189,240,202,209,355,200,197,176,225,221,208,226
Cal Poly,BWC,"14-18",+21,195,>>,192,194,207,226,198,201,183,164,195,198,185,141,194,216,190,183,181,204,218,190,183,172,186,197,195,233,"--",221,185,198,201,262,"--",173,292,211,214,186,210,223,158,204,206,199,173,239,248,214,194,213,162,196,214,227,197,207
Northeastern,CAA,"17-15",-4,196,>>,176,193,201,201,189,159,211,192,207,219,208,256,198,204,211,216,195,172,196,199,187,206,210,201,197,202,"--",225,188,202,180,216,"--",212,183,180,224,213,208,183,205,202,201,201,218,192,195,205,212,191,211,210,187,207,186,196
Queens NC,ASUN,"19-14",+15,197,>>,205,225,194,208,186,179,203,218,202,217,205,166,207,218,206,200,212,196,224,208,201,202,218,206,192,228,"--",182,213,192,189,186,"--",203,175,191,175,205,211,201,182,230,213,184,200,184,230,215,187,206,201,208,194,168,188,195
South Florida,AAC,"13-18",-1,198,>>,193,189,221,171,202,225,186,194,189,243,203,197,206,184,194,195,196,221,217,196,211,197,173,199,199,173,"--",234,201,210,228,224,"--",193,212,221,233,195,196,210,201,172,178,222,193,204,146,195,200,209,199,189,221,234,206,222
S Carolina St,MEAC,"18-12",+12,199,>>,231,236,151,257,243,161,202,168,197,170,184,194,236,191,191,223,258,224,206,249,192,183,211,189,187,191,"--",165,258,174,226,248,"--",180,214,218,168,181,198,230,194,252,209,217,169,197,201,194,190,216,188,193,227,181,228,166
Dartmouth,Ivy,"14-13",-14,200,>>,235,246,188,231,230,317,198,151,203,180,202,204,229,203,193,226,226,193,176,226,203,225,207,194,168,207,"--",199,231,191,213,179,"--",182,276,207,209,180,183,221,161,207,200,234,156,224,181,172,184,196,169,179,218,220,212,191
Indiana St,MVC,"14-18",-5,201,>>,214,182,205,166,206,250,208,162,205,218,206,192,204,195,205,205,192,223,214,181,195,208,194,192,208,182,"--",249,188,201,215,236,"--",188,220,215,250,202,187,220,165,195,180,220,191,201,182,217,232,204,171,195,220,243,209,221
Elon,CAA,"17-15",-8,202,>>,201,179,179,220,209,153,195,187,186,265,191,274,226,202,201,220,220,205,174,207,193,205,203,191,226,201,"--",223,223,199,209,213,"--",209,95,205,218,206,214,212,257,206,216,205,210,181,208,203,282,201,225,207,208,200,211,197
Montana St,BSC,"14-17",+14,203,>>,229,176,180,212,226,199,176,158,184,228,177,159,242,186,186,243,230,247,192,214,198,176,183,214,189,186,"--",239,231,194,235,226,"--",187,193,231,236,184,216,248,224,205,202,221,180,212,172,182,215,228,174,188,248,245,243,209
Massachusetts,A10,"12-19",-9,204,>>,219,152,224,193,219,269,200,205,213,207,209,212,208,192,210,197,189,222,183,184,216,209,178,223,205,177,"--",258,199,214,229,198,"--",202,238,217,244,203,193,224,211,174,179,227,206,223,170,180,213,202,203,190,215,246,184,238
Brown,Ivy,"14-13",-3,205,>>,236,269,203,214,223,261,228,221,214,206,215,201,213,207,209,196,216,190,191,215,204,234,219,203,201,209,"--",170,218,206,203,195,"--",223,196,204,179,214,199,202,198,215,210,215,216,194,190,193,175,203,209,206,196,205,187,208
Toledo,MAC,"17-14",+9,206,>>,187,238,230,177,172,169,254,243,238,213,241,215,166,234,244,178,176,136,236,192,221,222,243,202,255,217,"--",172,168,220,161,193,"--",247,191,177,184,250,215,165,259,213,230,187,261,203,212,239,177,182,238,247,169,189,165,194
SIUE,OVC,"22-11",+22,207,>>,195,237,190,216,215,200,214,209,216,161,221,203,209,226,216,208,232,182,207,227,219,221,236,196,215,235,"--",162,215,193,193,208,"--",215,206,213,188,225,202,191,227,257,228,192,205,179,239,218,189,195,207,232,192,167,224,181
Valparaiso,MVC,"15-19",+26,208,>>,194,174,229,192,192,233,209,148,206,208,213,198,188,209,212,184,179,231,211,186,197,196,192,212,222,206,"--",263,179,218,208,251,"--",198,229,216,251,207,207,209,167,196,222,213,195,235,205,242,344,188,185,209,206,238,198,213
UT San Antonio,AAC,"12-18",+13,209,>>,203,185,219,213,222,266,185,193,199,249,198,193,225,194,189,227,223,209,186,206,202,192,181,220,182,198,"--",241,222,213,237,171,"--",176,240,237,239,187,201,234,173,186,191,228,179,242,184,208,341,227,172,184,231,241,222,233
Texas St,SBC,"16-16",-12,210,>>,206,202,204,203,214,227,201,188,200,233,207,219,215,193,200,214,217,213,203,212,214,210,201,198,213,189,"--",240,215,212,219,234,"--",208,178,222,234,208,218,218,220,191,194,229,220,195,197,198,247,215,205,203,216,229,216,218
Longwood,BSo,"18-14",-8,211,>>,223,204,208,218,217,242,206,236,212,259,212,248,217,208,213,190,207,210,198,216,220,199,213,209,229,203,"--",204,213,215,198,205,"--",216,181,201,192,216,225,203,232,212,214,197,213,186,188,196,296,194,229,225,200,190,192,199
La Salle,A10,"13-18",+13,212,>>,197,181,242,197,193,270,219,197,223,239,230,229,189,219,230,171,172,188,208,178,209,216,200,224,219,210,"--",222,179,231,205,169,"--",222,197,219,208,232,223,199,222,190,225,196,234,228,174,245,293,187,220,226,191,231,166,225
Southern Univ,SWAC,"20-11",-4,213,>>,218,271,189,225,196,137,223,210,220,194,222,236,201,229,228,165,231,200,264,243,224,204,246,236,209,220,"--",129,226,200,199,277,"--",228,215,184,142,231,235,192,263,222,248,182,222,200,216,224,171,211,263,230,202,151,214,167
Hampton,CAA,"17-16",+5,214,>>,217,208,216,246,218,192,215,200,211,201,216,213,219,221,215,211,221,186,194,223,208,207,221,216,206,231,"--",233,228,221,214,178,"--",206,226,220,221,211,206,211,170,231,215,209,201,226,219,199,289,218,206,212,210,212,205,211
Seton Hall,BE,"7-24",-8,215,>>,202,142,234,139,210,291,178,175,210,262,201,174,234,179,208,301,193,286,267,177,207,190,153,218,221,156,"--",248,204,223,277,271,"--",204,244,246,253,174,200,260,177,171,170,216,185,255,151,192,329,223,213,166,259,225,235,256
Rice,AAC,"13-18",-6,216,>>,228,167,223,206,232,213,169,213,201,284,190,222,231,190,187,237,234,251,201,220,205,203,170,211,178,193,"--",246,238,224,257,221,"--",189,179,230,237,189,213,229,193,193,190,235,199,213,187,186,226,240,192,191,230,255,268,263
Miami FL,ACC,"7-24",+3,217,>>,212,124,217,175,253,276,167,163,226,231,188,184,227,164,192,306,202,282,230,188,213,224,143,207,193,143,"--",271,215,204,288,231,"--",179,274,276,262,182,203,251,186,151,165,256,183,286,119,156,304,225,187,174,272,272,252,242
N Kentucky,HL,"17-16",+3,218,>>,222,211,233,211,212,175,239,212,229,172,226,195,202,231,234,210,200,208,223,209,222,213,217,210,252,230,"--",226,206,227,206,206,"--",214,259,209,223,221,205,208,181,214,199,212,225,214,232,207,208,217,222,222,203,213,191,216
SE Louisiana,SLC,"18-14",-19,219,>>,204,229,197,229,224,186,204,241,209,266,197,205,224,213,198,235,229,219,244,230,233,198,208,200,211,226,"--",205,228,205,218,259,"--",205,188,202,203,201,222,205,272,228,235,198,209,220,231,231,188,224,204,219,222,192,237,204
Hawaii,BWC,"15-16",-16,220,>>,226,232,252,204,211,195,226,247,224,256,219,207,192,230,224,193,171,241,209,182,225,212,196,213,232,236,"--",215,173,238,210,214,"--",227,177,197,211,223,233,193,245,194,231,210,240,199,257,238,201,212,219,223,204,233,202,245
Bucknell,PL,"18-15",-7,221,>>,200,197,214,249,241,148,222,206,215,184,229,232,228,224,225,266,240,206,205,239,226,233,224,225,212,218,"--",213,234,211,223,157,"--",217,263,214,229,220,209,204,202,218,217,231,207,198,213,188,265,219,230,224,209,196,244,205
William & Mary,CAA,"17-15",-16,222,>>,208,220,215,224,195,228,233,228,218,229,227,250,210,228,229,217,208,170,219,210,217,217,238,221,218,216,"--",219,206,222,196,158,"--",238,157,193,213,236,221,189,262,227,212,204,242,207,218,246,352,208,233,231,201,204,201,202
Idaho St,BSC,"15-14",-10,223,>>,241,230,199,217,231,217,190,177,182,223,192,189,251,205,199,250,241,264,226,229,215,187,193,217,198,215,"--",206,238,209,243,283,"--",197,219,234,219,192,234,256,218,224,220,226,184,233,223,220,240,234,212,202,253,202,260,214
Maine,AEC,"19-13",+2,224,>>,215,243,186,238,227,181,220,171,208,214,218,263,246,212,223,255,246,207,204,244,212,235,242,228,231,204,"--",197,246,207,217,235,"--",233,161,229,210,230,227,225,237,225,221,225,224,190,183,200,242,221,232,221,223,194,239,198
American Univ,PL,"21-12",+6,225,>>,207,257,237,237,205,194,256,239,236,155,251,252,197,244,248,209,209,157,245,224,237,263,261,229,251,250,"--",167,199,230,183,184,"--",262,204,198,178,259,219,182,239,232,255,186,254,189,233,228,168,210,268,249,177,174,217,200
Abilene Chr,WAC,"16-15",+2,226,>>,238,268,227,202,203,273,232,229,228,176,224,209,211,223,219,215,213,234,258,205,210,219,231,233,203,222,"--",209,206,226,221,219,"--",231,245,228,201,227,220,222,188,217,226,207,230,234,241,211,253,230,236,211,226,211,226,228
South Dakota,SL,"19-14",-4,227,>>,227,242,248,222,190,184,227,264,233,202,235,196,212,245,238,230,201,220,237,221,218,215,232,215,237,245,"--",195,204,241,211,275,"--",224,265,195,190,226,237,216,209,256,234,180,227,219,258,244,225,226,251,239,211,187,221,224
UC Davis,BWC,"15-16",-10,228,>>,220,254,251,200,191,214,240,267,232,235,232,216,196,239,241,185,174,183,248,193,230,230,235,227,241,240,"--",212,177,236,187,243,"--",246,211,194,198,241,241,206,244,238,236,190,241,222,252,255,239,220,241,236,207,230,204,229
Pepperdine,WCC,"13-21",+30,229,>>,210,173,253,196,225,219,207,165,230,216,225,226,221,227,217,199,206,268,250,204,228,231,190,219,202,234,"--",242,206,233,260,217,"--",210,255,275,252,212,224,249,210,216,232,224,208,251,238,243,320,229,202,217,246,235,255,248
Manhattan,MAAC,"17-12",+12,230,>>,232,259,222,258,235,193,246,185,235,168,239,240,223,240,227,229,238,198,197,242,223,256,250,222,248,251,"--",187,231,225,207,238,"--",234,262,226,205,235,212,207,184,244,241,238,226,215,263,227,299,222,217,234,205,197,238,210
Marist,MAAC,"20-9",-26,231,>>,198,276,250,219,207,149,272,277,240,230,266,292,200,260,271,158,210,180,246,231,229,271,275,231,278,252,"--",143,196,245,170,249,"--",281,171,176,174,273,242,166,285,242,265,194,284,143,259,259,164,199,294,266,165,191,210,206
Hofstra,CAA,"15-18",+1,232,>>,221,213,206,207,238,286,224,156,217,289,214,243,253,206,220,233,242,242,221,237,227,228,215,232,224,196,"--",278,246,228,240,210,"--",220,184,235,277,218,229,244,235,221,208,242,221,217,204,201,290,236,239,216,241,252,248,232
Mt St Mary's,MAAC,"19-12",+3,233,>>,209,266,240,241,208,202,273,246,249,190,259,267,199,256,256,204,219,147,242,233,232,268,274,230,273,253,"--",168,201,242,177,237,"--",269,213,196,193,264,231,188,247,266,262,200,266,196,256,258,176,214,267,259,180,188,207,201
Wright St,HL,"15-18",+1,234,>>,225,199,220,231,247,203,225,231,221,273,220,228,239,225,222,219,237,235,220,228,236,214,222,234,220,223,"--",282,238,229,233,190,"--",229,156,239,260,228,236,235,268,219,223,249,238,230,214,225,354,239,214,228,235,253,220,239
C Michigan,MAC,"14-17",-11,235,>>,248,223,202,253,259,253,218,242,219,279,211,178,235,211,204,224,252,249,215,238,239,227,212,237,223,219,"--",230,246,216,256,242,"--",211,222,247,241,219,240,258,258,211,211,265,219,270,220,219,270,246,210,218,255,237,245,237
Ark Little Rock,OVC,"19-14",-4,236,>>,224,218,210,245,239,145,244,295,234,257,231,223,243,238,226,259,251,215,190,248,242,237,249,238,250,243,"--",208,235,217,220,199,"--",236,202,225,226,242,246,227,300,253,247,230,243,206,249,252,260,232,221,253,224,195,234,219
Northwestern LA,SLC,"16-15",+6,237,>>,247,255,244,261,236,223,229,215,231,200,228,244,218,247,233,225,228,230,238,235,250,242,225,226,236,268,"--",191,226,240,227,288,"--",232,246,212,197,229,238,226,242,245,263,211,231,236,282,273,318,235,245,254,228,217,240,227
UT Arlington,WAC,"13-17",,238,>>,260,233,236,221,244,247,217,226,227,240,223,242,254,217,218,251,239,285,235,234,231,218,220,245,234,214,"--",256,242,232,254,292,"--",225,233,249,249,222,243,263,215,220,224,250,232,210,209,223,227,255,234,215,265,251,269,262
Campbell,CAA,"15-17",-9,239,>>,244,226,211,247,250,232,212,223,222,258,217,260,258,222,221,262,257,253,216,254,235,229,227,240,217,225,"--",255,256,219,247,241,"--",221,252,236,267,215,230,253,274,229,237,251,217,232,217,232,267,242,242,220,251,250,262,230
Richmond,A10,"10-21",,240,>>,252,210,264,215,252,278,245,214,253,234,244,214,245,233,237,282,235,227,229,225,246,246,223,241,228,227,"--",289,235,252,261,106,"--",240,247,255,275,237,217,250,190,223,219,263,239,279,226,235,229,251,218,227,252,278,213,278
Ga Southern,SBC,"17-16",-2,241,>>,230,245,269,228,216,198,259,254,255,220,258,247,220,253,249,234,227,218,259,236,238,248,258,244,246,259,"--",231,218,249,222,215,"--",253,257,224,225,260,247,217,223,235,246,236,260,218,253,241,234,238,260,250,219,223,219,250
CS Bakersfield,BWC,"14-18",+2,242,>>,242,248,254,242,234,229,231,237,243,237,236,206,230,242,236,222,215,239,253,222,243,211,233,235,258,246,"--",260,218,253,231,267,"--",235,218,233,246,238,255,233,233,239,256,240,236,237,255,264,362,237,250,244,238,254,233,241
Fordham,A10,"11-20",-16,243,>>,246,209,262,223,240,268,234,240,248,280,248,265,238,236,242,256,222,238,231,217,240,244,214,247,235,224,"--",276,228,248,249,201,"--",245,242,242,257,240,244,239,267,201,227,243,247,253,221,229,285,231,235,237,237,258,215,269
Delaware,CAA,"15-19",+24,244,>>,243,219,239,240,249,245,243,234,241,253,243,255,252,241,245,231,248,217,222,251,234,255,244,248,239,237,"--",296,253,247,241,181,"--",242,187,269,273,243,239,257,238,237,239,247,244,248,234,234,197,248,240,238,240,261,227,252
Harvard,Ivy,"12-15",+2,245,>>,268,288,268,243,242,277,263,248,256,162,253,262,237,254,253,245,236,195,233,253,241,262,262,250,238,255,"--",217,238,256,225,222,"--",257,256,240,217,251,228,231,172,241,250,241,253,243,244,230,211,244,228,241,229,259,223,246
MA Lowell,AEC,"17-15",-9,246,>>,258,249,209,259,265,290,257,207,239,292,242,278,268,220,240,267,262,244,195,250,251,265,255,243,261,197,"--",229,264,237,246,170,"--",261,127,243,240,258,252,247,265,236,218,259,257,209,192,213,297,233,249,235,239,215,246,234
Northern Arizona,BSC,"18-15",+3,247,>>,256,252,235,235,233,221,235,253,246,255,240,217,257,243,247,276,243,271,261,247,244,223,240,242,247,242,"--",243,245,244,244,300,"--",237,264,248,247,233,263,255,251,250,254,233,228,231,247,250,317,250,231,245,254,216,276,243
Evansville,MVC,"11-21",-7,248,>>,237,217,267,234,228,251,275,225,254,252,249,251,233,251,259,264,218,255,265,213,248,241,239,252,260,247,"--",300,223,250,242,254,"--",241,273,244,294,244,250,246,213,248,242,245,246,268,269,274,249,243,224,242,244,274,230,268
UTRGV,SLC,"16-15",,249,>>,261,282,243,281,266,238,237,263,251,291,245,254,248,250,239,247,250,258,256,257,277,239,241,253,233,264,"--",211,246,251,250,232,"--",249,198,241,200,248,267,238,298,249,272,239,256,257,261,276,235,249,247,268,243,214,242,247
Monmouth NJ,CAA,"13-20",+4,250,>>,233,215,255,236,237,234,261,219,258,179,257,234,247,258,268,239,247,228,293,256,245,258,264,239,259,249,"--",293,251,259,238,279,"--",255,293,253,281,253,232,242,200,276,244,248,245,256,240,248,306,257,261,246,249,276,251,240
Presbyterian,BSo,"14-18",-5,251,>>,249,256,225,265,262,246,221,224,237,250,237,231,262,235,232,246,260,265,260,259,247,238,247,254,256,239,"--",290,261,234,248,324,"--",230,283,254,284,234,253,267,221,258,249,253,211,259,228,254,323,247,244,240,269,271,257,231
Iona,MAAC,"15-16",-1,252,>>,250,258,261,251,255,222,282,232,259,181,267,246,249,263,267,257,259,233,239,262,252,285,276,251,249,257,"--",265,256,255,236,197,"--",265,266,252,268,263,226,236,216,261,245,264,259,238,254,236,243,252,248,255,233,269,250,251
Siena,MAAC,"14-17",-8,253,>>,240,241,232,280,267,206,250,256,252,272,246,277,256,252,250,254,261,214,202,260,253,294,252,246,264,256,"--",281,260,243,239,187,"--",254,228,245,286,246,245,245,266,254,253,273,249,244,279,233,330,245,259,251,236,273,241,244
E Michigan,MAC,"16-15",+9,254,>>,239,279,291,248,220,216,291,255,267,203,280,235,216,286,281,228,225,216,270,241,256,257,282,255,272,291,"--",236,223,269,216,265,"--",275,275,223,238,281,257,219,219,265,271,232,276,247,285,280,281,241,264,275,217,240,225,253
Tennessee St,OVC,"17-16",,255,>>,263,228,226,278,276,209,248,257,250,222,252,211,271,257,251,285,283,246,187,276,264,243,265,257,227,258,"--",264,278,235,259,175,"--",248,299,260,264,254,248,265,260,282,251,278,235,254,267,251,339,256,223,260,261,236,259,236
Georgia St,SBC,"14-19",+1,256,>>,254,260,275,250,251,224,268,250,265,238,268,237,241,261,262,249,244,248,274,252,254,267,256,256,245,254,"--",272,242,263,253,239,"--",258,314,251,263,262,254,240,207,255,252,268,262,264,251,240,288,254,256,252,245,260,249,265
Missouri St,MVC,"9-23",-9,257,>>,262,187,266,230,268,283,236,220,244,313,234,227,283,237,243,313,249,311,232,232,249,226,206,259,214,232,"--",328,253,258,297,255,"--",219,282,287,313,224,251,296,249,226,229,292,233,290,236,266,336,270,216,229,296,317,270,296
North Florida,ASUN,"15-17",-6,258,>>,234,253,247,260,245,215,255,297,261,290,255,296,250,269,258,221,245,240,296,246,258,250,268,265,266,273,"--",232,242,254,234,258,"--",263,209,238,243,276,278,241,287,264,277,237,281,241,281,286,315,253,266,276,242,249,229,254
Missouri KC,SL,"13-20",+5,259,>>,285,222,238,266,288,259,230,235,242,306,233,241,305,232,235,269,286,309,240,275,255,232,229,258,230,229,"--",304,299,262,306,244,"--",226,237,292,295,217,264,309,241,268,233,288,223,282,210,237,214,275,227,233,306,280,283,264
Incarnate Word,SLC,"17-15",-2,260,>>,275,278,241,286,272,307,241,270,247,241,247,257,261,249,246,265,269,275,262,267,275,249,245,249,243,262,"--",224,265,246,267,260,"--",243,284,268,216,239,261,266,264,270,268,244,237,271,262,272,361,260,252,265,262,210,256,249
Tulsa,AAC,"12-19",+11,261,>>,255,231,296,239,258,248,262,252,272,245,270,239,264,259,269,252,254,306,272,245,257,260,237,264,242,248,"--",291,258,275,289,247,"--",251,311,299,272,257,259,289,231,233,240,271,258,258,235,247,223,271,243,248,273,296,271,301
Colgate,PL,"14-19",+8,262,>>,253,224,245,263,283,271,252,261,245,275,256,295,280,248,257,261,276,252,213,274,271,274,259,262,268,241,"--",302,282,261,265,229,"--",259,224,267,301,255,249,269,284,240,238,280,255,249,229,222,273,263,262,256,268,275,280,261
SUNY Albany,AEC,"17-15",-3,263,>>,257,274,257,276,263,256,276,238,262,226,273,276,269,266,272,277,267,254,263,269,259,289,283,267,275,261,"--",247,271,266,245,257,"--",279,234,259,258,278,266,259,253,260,260,261,275,225,242,256,251,258,269,269,247,232,273,258
"Bethune-Cookman",SWAC,"16-15",+3,264,>>,251,272,260,273,229,196,279,284,274,191,277,273,232,281,282,236,263,229,306,285,260,252,288,270,292,281,"--",193,253,257,232,332,"--",285,243,232,199,285,283,228,286,289,312,223,289,246,280,295,263,259,302,289,234,218,253,220
Jackson St,SWAC,"14-17",-3,265,>>,274,291,228,279,257,187,280,285,275,211,264,259,244,270,254,238,285,212,301,287,265,254,292,271,269,282,"--",198,276,239,251,284,"--",273,261,250,196,274,269,237,255,286,281,252,271,294,290,271,292,278,288,267,256,242,236,223
Charlotte,AAC,"10-21",-5,266,>>,264,239,286,233,264,274,242,249,271,294,254,269,267,246,263,303,255,294,249,255,263,253,230,260,265,238,"--",312,261,272,290,274,"--",244,277,270,299,249,262,268,234,234,243,279,251,275,227,253,311,267,271,243,280,310,277,300
Sacred Heart,MAAC,"14-17",-14,267,>>,270,277,246,291,280,265,264,271,257,251,265,281,274,268,266,260,279,237,243,279,262,293,279,263,244,271,"--",284,281,264,252,185,"--",270,268,256,276,266,258,270,246,272,264,282,264,263,268,249,325,264,258,264,258,277,258,260
Mercer,SC,"14-19",-2,268,>>,281,273,249,254,260,249,260,262,260,276,260,304,277,255,260,232,273,272,273,268,261,245,272,261,277,244,"--",295,274,267,263,310,"--",268,227,264,266,269,273,278,280,271,259,267,270,261,246,262,302,261,276,261,274,290,231,257
Portland,WCC,"12-20",-13,269,>>,245,235,317,256,248,279,278,279,289,244,286,233,240,283,270,248,233,279,318,240,267,275,253,278,254,294,"--",253,235,280,280,250,"--",260,335,257,248,272,260,254,252,246,261,246,265,292,311,284,321,266,255,274,267,265,265,292
Gardner Webb,BSo,"11-20",+5,270,>>,278,265,258,270,274,255,258,281,266,297,261,291,272,262,261,291,272,259,247,271,270,259,266,268,263,260,"--",299,271,265,262,253,"--",264,225,265,290,268,277,273,277,274,270,277,272,272,266,275,287,265,274,272,276,289,261,266
Idaho,BSC,"13-18",-6,271,>>,283,263,278,269,256,257,253,266,268,286,262,266,281,274,276,258,265,289,268,264,266,247,260,274,253,275,"--",277,267,274,273,266,"--",267,248,273,270,261,290,287,299,267,274,255,263,273,286,285,202,276,278,271,290,266,287,275
Alabama St,SWAC,"16-15",+14,272,>>,269,292,256,297,270,218,267,258,276,221,278,289,259,279,280,241,291,263,297,303,278,264,285,275,282,283,"--",214,284,260,266,314,"--",274,291,274,235,280,289,252,256,291,295,260,269,267,284,269,256,269,300,288,263,224,275,235
Navy,PL,"15-18",+17,273,>>,266,247,259,290,289,275,271,233,263,209,275,245,290,264,265,296,292,277,241,291,286,307,280,269,276,263,"--",303,295,268,279,286,"--",266,322,296,321,267,256,298,212,273,258,293,252,262,245,226,309,277,275,262,283,292,313,270
Austin Peay,ASUN,"14-19",-5,274,>>,259,284,271,264,261,230,281,310,282,278,274,261,270,278,273,242,270,261,287,263,274,279,281,290,285,287,"--",274,271,271,258,278,"--",272,285,262,269,279,285,272,291,287,282,257,279,280,289,283,261,279,280,278,270,264,267,274
SF Austin,SLC,"14-17",-2,275,>>,265,301,282,274,277,294,277,314,270,288,271,293,263,273,279,253,264,250,275,270,288,261,270,266,288,266,"--",251,261,273,271,296,"--",282,278,261,254,271,272,262,302,262,276,254,285,274,276,277,334,273,295,282,266,256,266,276
Old Dominion,SBC,"15-20",+24,276,>>,271,261,312,252,254,299,301,286,293,236,293,224,255,287,285,240,256,270,284,261,281,291,287,280,295,288,"--",309,246,291,264,294,"--",283,308,266,304,287,265,261,243,269,269,275,282,289,288,278,236,268,292,277,257,288,254,291
Ball St,MAC,"14-17",-6,277,>>,293,280,281,267,284,311,266,282,277,287,276,280,276,271,274,263,275,304,257,273,279,269,263,276,271,269,"--",285,267,278,291,282,"--",271,290,286,287,270,268,282,278,251,275,295,274,269,260,260,262,283,284,270,284,284,293,287
North Dakota,SL,"12-21",+11,278,>>,280,234,280,275,279,281,247,317,273,296,263,268,291,272,264,275,278,296,269,283,269,251,254,289,240,277,"--",310,287,277,298,302,"--",252,309,283,296,252,280,301,271,279,267,274,250,299,283,288,216,294,254,263,299,294,284,289
Columbia,Ivy,"12-15",-3,279,>>,297,308,277,294,286,339,274,309,269,331,282,317,285,275,277,272,274,291,251,278,268,277,278,285,297,270,"--",227,274,288,270,293,"--",300,162,271,232,296,305,274,319,263,284,270,304,250,237,270,219,262,277,290,264,267,264,286
Bowling Green,MAC,"14-17",-1,280,>>,277,286,293,268,281,254,283,269,287,247,289,238,273,284,286,274,281,301,276,282,276,282,277,273,270,279,"--",280,278,286,294,297,"--",278,305,281,288,286,270,280,248,281,280,291,278,277,277,289,220,280,257,283,285,286,298,282
Florida Intl,CUSA,"9-22",-4,281,>>,309,267,289,283,305,303,249,275,264,303,250,258,286,265,255,320,280,321,266,265,280,266,248,272,267,272,"--",327,278,284,304,311,"--",256,258,297,309,256,274,307,261,247,257,311,267,302,292,268,284,297,253,257,309,327,278,314
Tarleton St,WAC,"12-19",-8,282,>>,305,302,298,244,246,297,311,307,306,248,290,249,260,288,288,273,253,293,325,258,273,288,298,293,287,290,"--",262,251,285,269,285,"--",301,287,258,242,288,279,277,240,277,273,258,297,287,296,281,337,288,296,273,281,279,272,294
W Michigan,MAC,"12-19",+9,283,>>,273,275,301,285,275,263,292,268,280,232,295,253,265,298,295,270,271,269,288,272,282,284,286,282,283,301,"--",288,267,296,281,263,"--",284,313,288,292,292,275,276,254,283,287,285,292,293,305,305,350,282,286,297,271,282,274,285
Fresno St,MWC,"6-25",-1,284,>>,284,206,307,255,297,313,238,265,278,322,269,270,288,267,252,330,288,324,315,277,272,276,228,279,257,274,"--",308,282,287,329,289,"--",250,310,305,308,247,271,303,270,285,266,306,248,321,274,296,230,313,246,258,327,315,289,316
Boston Univ,PL,"16-16",-7,285,>>,276,297,292,293,285,262,312,296,290,264,300,286,282,294,304,293,282,267,281,288,294,312,302,281,315,289,"--",266,284,289,268,268,"--",308,269,272,280,304,282,264,303,280,286,272,303,252,275,267,209,274,313,296,260,262,308,279
TX Southern,SWAC,"15-16",+12,286,>>,292,317,263,295,304,226,265,278,279,267,279,300,289,277,275,284,320,295,314,321,287,273,293,288,279,278,"--",218,311,270,310,327,"--",276,315,301,231,277,286,286,273,303,288,297,268,276,278,263,342,312,285,279,303,248,290,272
LIU Brooklyn,NEC,"17-16",-6,287,>>,272,287,270,306,303,308,285,260,283,254,294,264,299,291,287,297,305,284,278,301,295,300,303,284,280,293,"--",252,299,276,284,273,"--",291,267,277,285,294,281,279,292,304,298,294,273,265,291,290,364,281,273,302,278,244,303,259
St Peter's,MAAC,"12-16",-8,288,>>,298,300,273,282,290,310,294,259,286,268,284,323,298,276,298,299,295,278,280,295,283,302,300,283,294,265,"--",273,299,293,274,280,"--",298,230,282,265,297,284,295,275,295,283,296,299,260,264,279,333,286,298,287,286,300,295,280
Houston Chr,SLC,"12-20",-7,289,>>,294,295,284,310,306,292,284,287,288,324,272,308,295,290,278,300,293,302,292,290,301,280,271,277,262,300,"--",298,295,282,308,264,"--",277,272,291,289,265,293,293,311,297,293,286,277,315,319,300,291,300,283,286,301,287,299,299
VMI,SC,"15-19",+15,290,>>,287,305,274,292,271,287,305,289,297,261,291,285,293,299,289,244,289,292,305,284,290,281,307,297,311,310,"--",297,292,279,285,301,"--",294,286,295,274,305,292,288,290,299,294,269,298,311,325,299,345,287,318,299,293,283,247,284
Penn,Ivy,"8-19",-4,291,>>,320,307,299,288,308,293,302,298,302,285,299,287,302,289,292,325,290,283,282,286,291,309,299,308,302,284,"--",283,293,299,301,252,"--",295,303,298,278,293,276,297,269,275,279,303,294,301,271,257,224,295,290,280,297,301,279,311
Delaware St,MEAC,"16-13",-7,292,>>,310,344,287,308,295,282,303,291,304,263,308,329,292,305,307,286,304,297,313,315,289,270,315,286,312,299,"--",203,304,292,286,340,"--",305,297,278,206,306,297,283,304,315,326,262,288,245,287,301,275,284,303,312,282,219,285,255
Southern Utah,WAC,"12-18",-5,293,>>,308,320,308,262,269,285,306,315,298,308,296,290,278,297,291,280,266,303,317,266,284,287,296,311,324,295,"--",267,267,300,292,295,"--",315,241,279,256,309,313,291,310,288,313,276,324,281,301,306,228,291,324,298,292,291,292,307
Army,PL,"16-15",-10,294,>>,282,324,314,300,278,322,326,320,305,293,321,335,275,320,324,287,277,243,295,289,307,317,319,287,309,311,"--",238,276,310,255,230,"--",330,260,263,245,327,299,243,323,302,314,266,334,266,303,310,250,272,334,323,250,247,286,281
Lafayette,PL,"13-20",+4,295,>>,289,262,276,314,314,301,287,274,284,300,287,319,310,282,290,307,308,310,255,300,304,318,289,292,293,280,"--",324,315,294,307,256,"--",290,288,311,328,290,291,312,279,294,278,316,287,298,272,265,245,298,272,285,302,311,328,303
Louisiana,SBC,"12-21",-5,296,>>,279,270,334,272,273,272,323,318,321,270,324,272,266,310,316,268,268,266,299,281,302,303,301,299,307,304,"--",317,265,321,293,240,"--",316,332,284,314,315,288,275,297,290,307,283,323,303,298,304,241,289,312,305,275,302,263,318
Rider,MAAC,"13-18",+15,297,>>,288,299,311,284,282,258,313,272,315,246,307,311,284,303,312,279,287,274,322,296,285,322,314,291,301,297,"--",286,289,303,272,307,"--",307,289,294,307,312,287,285,250,310,296,290,306,278,299,293,324,293,320,303,279,293,304,290
TN Martin,OVC,"14-19",+5,298,>>,300,285,265,302,311,267,295,303,291,301,288,279,316,295,293,281,317,290,252,313,308,283,306,300,286,296,"--",305,317,283,300,246,"--",289,249,310,319,299,296,313,326,308,289,309,286,296,293,311,338,296,265,306,305,295,306,277
Tennessee Tech,OVC,"15-17",-4,299,>>,291,293,295,304,293,240,296,332,292,298,301,302,300,313,305,302,301,287,271,298,303,295,305,295,289,315,"--",268,289,298,282,270,"--",304,281,289,283,307,298,290,336,311,303,289,305,284,326,309,340,290,287,313,289,270,297,288
Weber St,BSC,"12-22",+4,300,>>,302,296,294,271,292,288,293,273,300,312,285,271,315,280,300,310,302,314,283,293,296,272,284,298,290,267,"--",326,306,307,314,303,"--",293,253,314,329,289,310,318,283,298,291,301,290,304,250,292,347,303,282,284,322,312,320,293
Pacific,WCC,"9-24",-7,301,>>,267,244,316,296,302,309,270,283,295,320,292,303,297,296,284,321,284,329,328,280,293,286,251,303,284,302,"--",315,284,297,326,321,"--",280,323,319,316,275,294,311,321,259,302,305,280,329,316,323,231,308,270,292,317,299,310,320
Lehigh,PL,"11-19",-1,302,>>,315,304,272,324,323,337,289,292,281,325,281,306,325,285,283,323,316,307,279,311,309,325,295,309,298,285,"--",301,326,290,309,272,"--",286,294,315,318,284,295,316,314,278,285,320,283,306,270,261,294,310,289,281,313,306,329,304
Florida A&M,SWAC,"13-16",-7,303,>>,301,340,283,315,299,243,318,290,319,283,320,313,279,322,313,271,318,276,337,324,300,292,324,310,322,326,"--",200,308,281,302,306,"--",317,341,280,230,321,318,271,289,330,330,287,310,318,327,313,198,305,319,322,295,257,294,267
E Washington,BSC,"10-22",-7,304,>>,321,264,304,277,300,300,269,325,285,318,283,282,317,293,294,324,298,332,308,294,297,278,273,305,281,292,"--",325,303,309,316,326,"--",292,302,308,312,282,314,326,338,296,297,300,293,308,308,321,248,316,281,293,323,313,318,317
St Francis PA,NEC,"15-17",+11,305,>>,299,333,285,311,309,280,319,301,308,260,318,305,294,319,317,294,309,256,309,312,315,310,325,304,305,320,"--",244,304,295,283,287,"--",322,312,303,271,323,302,284,295,319,327,298,314,309,310,307,332,292,315,327,291,263,291,271
Charleston So,BSo,"10-22",-4,306,>>,295,294,318,309,301,298,299,330,294,299,304,310,301,302,302,316,294,288,319,297,299,299,304,306,308,303,"--",320,288,311,295,322,"--",299,296,300,302,300,306,304,308,305,299,299,302,323,297,317,271,301,310,307,310,316,281,295
Southern Miss,SBC,"11-22",,307,>>,304,281,320,287,298,284,298,312,299,327,298,294,306,300,297,308,297,313,286,292,305,304,291,296,306,298,"--",330,295,315,305,291,"--",302,280,313,322,301,301,310,312,292,292,314,313,314,295,287,331,311,317,291,308,326,300,325
UMBC,AEC,"13-19",,308,>>,311,312,279,316,322,330,308,280,296,317,302,326,321,292,299,278,315,308,277,309,306,316,308,321,319,276,"--",307,321,301,318,261,"--",311,271,317,317,308,303,314,317,293,308,321,315,288,273,282,300,306,305,301,311,304,301,306
Binghamton,AEC,"15-17",-16,309,>>,322,330,300,305,294,351,322,304,310,295,315,299,307,314,319,288,306,280,290,305,310,326,330,307,317,308,"--",287,307,308,287,298,"--",321,301,293,293,320,307,302,293,309,304,302,317,283,309,298,264,307,327,308,294,298,305,305
Lindenwood,OVC,"16-17",+1,310,>>,286,313,310,313,287,264,331,323,313,271,328,283,287,331,326,295,299,273,304,307,312,305,328,312,323,329,"--",257,289,305,276,309,"--",325,324,285,282,325,315,281,315,324,319,281,320,310,331,333,357,285,316,331,277,268,296,273
Morehead St,OVC,"15-17",-5,311,>>,290,319,315,289,291,260,332,349,318,319,327,321,303,323,325,283,303,262,307,306,323,311,332,325,321,322,"--",270,293,313,278,245,"--",336,231,290,291,329,321,292,346,314,322,284,330,285,312,325,307,299,314,329,288,281,288,297
Denver,SL,"11-21",-3,312,>>,312,283,330,298,307,315,290,324,303,302,303,284,312,316,309,315,300,322,298,302,292,290,297,301,274,325,"--",322,299,323,315,308,"--",287,353,312,311,283,311,324,276,317,301,304,295,322,334,316,276,323,291,304,321,321,307,327
Fairfield,MAAC,"12-19",+7,313,>>,313,328,329,301,296,318,333,288,325,269,331,322,296,328,331,289,296,260,303,304,313,341,337,317,332,317,"--",313,295,327,275,269,"--",333,318,302,310,333,300,294,282,312,323,312,327,295,300,318,283,302,329,325,287,320,282,312
Howard,MEAC,"12-19",-4,314,>>,327,322,322,333,336,289,304,334,314,323,312,339,311,312,311,318,323,305,285,336,298,298,312,294,300,305,"--",250,335,330,331,276,"--",309,279,307,261,314,319,306,322,323,325,313,321,297,307,291,196,325,293,315,304,314,333,322
F Dickinson,NEC,"13-20",+8,315,>>,314,303,288,330,329,344,300,276,301,304,310,298,327,309,308,305,330,315,311,327,327,314,313,313,304,307,"--",311,327,302,317,334,"--",306,316,323,326,303,304,320,301,322,311,324,291,320,294,297,218,319,299,314,319,309,325,298
Holy Cross,PL,"13-19",-1,316,>>,303,318,305,327,310,350,315,322,309,337,316,327,313,318,318,292,307,281,289,310,319,328,317,318,328,316,"--",306,311,316,296,305,"--",320,270,304,320,317,325,308,328,306,321,307,319,307,314,315,210,304,322,319,298,303,309,310
Loyola MD,PL,"12-19",+5,317,>>,319,309,302,328,316,312,310,293,307,316,309,320,323,308,306,317,312,316,294,314,320,323,311,316,313,312,"--",316,324,312,311,299,"--",314,250,318,324,313,317,317,320,300,305,317,309,313,304,294,298,315,308,309,312,323,332,319
NC Central,MEAC,"13-18",+3,318,>>,317,331,290,322,330,295,314,321,316,307,313,330,328,304,320,298,331,325,312,331,317,296,318,302,310,286,"--",294,333,304,320,323,"--",312,304,322,315,316,324,319,309,329,316,318,307,305,265,308,310,314,309,316,318,308,327,283
Stonehill,NEC,"15-17",-5,319,>>,307,327,313,334,312,324,328,328,311,321,323,314,308,326,322,290,311,312,310,320,328,315,323,319,327,330,"--",279,309,317,299,312,"--",335,254,306,300,328,328,299,353,321,328,308,332,300,329,319,233,309,321,330,300,285,314,302
Niagara,MAAC,"11-20",+7,320,>>,316,325,309,323,320,321,317,306,322,314,317,328,318,315,321,322,321,299,291,319,321,334,322,314,326,313,"--",321,324,319,312,281,"--",319,295,321,331,318,308,315,296,320,306,327,322,316,302,312,244,320,311,310,314,324,317,321
E Illinois,OVC,"12-19",+3,321,>>,323,321,297,318,315,340,321,302,320,274,319,275,320,321,314,312,322,317,321,318,318,319,321,324,318,328,"--",292,319,306,313,328,"--",318,345,320,303,319,320,321,281,326,320,319,308,325,321,322,280,318,304,321,315,318,321,309
Air Force,MWC,"4-27",-5,322,>>,296,290,332,303,325,325,297,319,324,335,306,332,314,307,310,342,325,328,323,329,311,330,267,315,296,309,"--",337,311,320,344,290,"--",313,329,333,335,291,312,323,306,284,290,334,312,341,306,303,254,332,326,300,334,341,312,331
Long Beach St,BWC,"7-25",-5,323,>>,324,289,323,299,326,333,309,308,326,341,305,288,322,306,303,336,310,318,329,299,314,306,290,327,314,314,"--",338,311,324,333,320,"--",297,300,330,336,302,316,329,307,318,315,332,300,326,324,329,237,331,297,294,333,332,324,332
IUPUI,HL,"10-22",-5,324,>>,330,298,306,339,327,302,316,299,317,315,311,297,329,317,315,326,329,327,300,322,324,301,310,322,316,323,"--",332,327,314,325,304,"--",303,326,329,325,311,326,333,316,313,310,328,311,334,335,334,204,322,301,318,332,328,316,323
San Diego,WCC,"6-27",,325,>>,306,251,337,307,334,335,286,305,323,329,314,307,326,311,296,340,319,345,324,308,325,340,269,326,291,318,"--",345,319,331,343,316,"--",288,321,337,344,298,309,332,305,301,309,337,296,333,322,328,238,334,279,311,337,334,339,340
Alcorn St,SWAC,"11-20",-13,326,>>,318,332,319,326,321,252,320,327,328,282,326,315,304,329,323,319,334,300,346,344,322,297,334,320,320,333,"--",269,331,318,327,344,"--",324,325,316,259,322,322,300,313,334,331,315,318,319,328,314,257,335,323,326,316,305,315,315
Utah Tech,WAC,"6-25",-1,327,>>,337,306,321,321,335,346,288,313,312,351,297,301,341,301,301,347,333,350,316,317,316,320,294,328,303,306,"--",344,332,325,340,319,"--",296,307,336,340,295,327,343,294,307,300,341,301,338,318,302,363,337,307,295,345,344,340,336
Mercyhurst,NEC,"15-16",+1,328,>>,325,345,327,336,313,336,346,311,336,281,338,334,309,340,342,309,324,298,339,330,331,329,346,323,333,342,"--",254,316,326,303,333,"--",344,328,309,279,339,330,305,318,347,342,310,335,291,346,332,303,321,335,342,307,307,319,308
Coastal Car,SBC,"10-22",-1,329,>>,336,316,328,312,317,323,325,336,327,338,325,309,330,325,328,328,326,335,320,316,329,321,316,329,325,324,"--",339,321,333,328,318,"--",323,306,332,338,324,331,331,324,316,318,331,331,328,330,320,246,327,332,317,331,336,331,334
Stony Brook,CAA,"8-24",+1,330,>>,326,314,331,320,324,349,334,294,340,311,330,324,336,330,332,335,327,319,327,325,330,336,333,332,329,327,"--",346,329,334,324,329,"--",329,327,327,346,331,323,330,288,328,324,326,325,324,315,331,335,328,338,324,329,338,326,330
Oral Roberts,SL,"7-23",-1,331,>>,342,329,335,319,341,338,307,337,333,345,322,318,342,327,327,346,336,351,326,335,326,308,309,330,299,321,"--",323,340,338,345,331,"--",310,342,335,306,310,329,342,325,331,317,335,316,331,320,327,222,344,306,320,340,345,348,343
Morgan St,MEAC,"13-17",,332,>>,338,350,326,344,337,296,335,326,335,305,337,351,334,334,333,311,338,342,338,338,332,324,345,333,339,334,"--",275,340,328,332,352,"--",331,337,324,297,337,332,328,327,343,338,323,329,317,332,324,308,329,337,333,328,319,334,324
Southern Indiana,OVC,"10-20",+2,333,>>,333,326,324,337,333,306,336,339,331,349,334,325,340,335,336,329,335,340,302,332,338,332,335,334,336,335,"--",331,335,332,330,313,"--",337,298,334,332,336,341,339,348,342,329,333,337,330,333,336,205,324,330,339,330,343,341,329
Wagner,NEC,"14-16",-1,334,>>,331,349,325,332,331,328,352,329,339,334,342,337,333,332,344,304,337,326,330,340,336,337,349,335,340,332,"--",259,334,329,319,351,"--",351,333,325,298,341,339,322,332,341,339,325,341,312,313,330,346,317,339,345,320,297,335,313
Detroit,HL,"8-24",-1,335,>>,329,310,339,325,319,319,338,338,330,348,336,336,324,338,337,331,314,323,334,323,333,327,331,336,346,337,"--",342,317,337,321,330,"--",338,317,326,333,335,336,327,347,336,343,329,342,335,347,351,277,330,336,336,326,337,322,333
Grambling,SWAC,"10-21",+1,336,>>,328,315,303,341,348,305,324,333,329,328,332,344,343,324,330,333,354,339,331,353,337,313,327,339,331,319,"--",314,353,322,351,355,"--",326,343,343,327,330,340,338,333,345,333,349,328,332,317,326,356,341,328,332,346,325,345,326
Buffalo,MAC,"9-22",+1,337,>>,332,341,349,329,318,353,345,331,341,332,345,331,319,346,340,327,313,320,345,326,335,333,340,338,345,345,"--",329,309,341,323,335,"--",345,334,328,330,348,334,325,339,332,340,330,347,337,352,337,266,333,343,346,324,329,311,338
W Illinois,OVC,"12-19",+1,338,>>,341,342,336,331,328,320,344,345,338,309,341,312,332,341,347,314,332,331,332,333,342,335,342,341,341,340,"--",319,329,335,322,337,"--",342,338,331,323,343,338,334,329,338,336,322,339,327,340,340,349,326,340,341,325,330,336,328
NC A&T,CAA,"7-25",-3,339,>>,334,311,333,340,338,331,330,316,332,333,333,346,339,333,335,343,339,338,336,334,334,338,326,337,337,331,"--",349,340,336,338,347,"--",332,336,340,345,332,333,340,337,339,332,340,333,340,323,335,314,336,342,328,338,342,337,335
W Carolina,SC,"8-22",,340,>>,344,353,342,317,340,329,348,341,342,330,346,348,338,342,338,334,341,333,348,337,339,331,350,344,342,341,"--",318,337,342,339,341,"--",340,348,338,305,347,337,335,330,333,334,336,345,336,341,338,351,339,331,338,336,331,302,339
Cent Arkansas,ASUN,"9-24",,341,>>,340,339,341,342,339,316,339,343,343,326,339,338,335,345,345,332,342,343,342,341,340,339,338,340,351,346,"--",334,337,340,336,345,"--",339,340,341,337,340,343,337,331,348,350,339,343,342,350,344,269,338,350,344,335,333,323,337
East Texas A&M,SLC,"5-26",+3,342,>>,335,"--",338,348,346,341,327,300,334,343,329,341,337,336,329,352,340,341,"--",339,346,343,320,331,334,339,"--",348,343,339,341,338,"--",328,351,342,347,326,335,341,334,327,337,342,326,353,349,339,358,340,341,335,342,352,342,341
WI Green Bay,HL,"4-28",-1,343,>>,343,323,346,350,350,342,329,350,337,340,335,342,344,337,334,357,344,349,333,343,341,345,329,342,330,338,"--",363,344,348,349,325,"--",327,349,346,352,334,342,347,343,325,335,352,336,350,337,342,353,354,333,334,350,359,352,348
CS Fullerton,BWC,"6-26",-1,344,>>,339,346,359,335,332,332,351,363,348,350,350,345,331,352,351,341,328,330,354,328,343,344,348,348,354,354,"--",340,321,354,335,350,"--",354,320,339,339,354,351,336,355,335,358,338,355,344,355,355,286,345,354,351,341,335,330,352
CS Sacramento,BSC,"7-25",-1,345,>>,352,335,340,338,343,352,342,348,344,357,340,333,355,339,343,350,347,356,335,346,344,342,336,346,350,336,"--",355,348,343,353,357,"--",346,358,351,356,338,353,357,350,349,341,347,338,348,336,349,195,346,347,337,356,348,357,345
West Georgia,ASUN,"6-25",+2,346,>>,347,338,348,352,345,327,341,352,345,342,343,316,348,347,349,349,349,346,341,348,345,347,343,343,343,349,"--",352,337,346,342,343,"--",343,347,347,350,344,348,348,345,346,348,348,346,347,343,352,348,347,346,349,349,350,346,344
ULM,SBC,"7-25",-1,347,>>,346,334,353,345,342,334,347,335,350,339,349,352,346,344,348,345,343,353,343,342,350,349,341,345,344,343,"--",358,345,349,347,348,"--",350,361,350,353,349,344,349,342,337,347,346,350,349,338,346,312,343,349,343,344,354,351,350
Stetson,ASUN,"8-24",+1,348,>>,350,337,355,343,347,326,350,355,353,336,352,349,347,351,352,339,348,354,356,345,348,346,351,349,352,352,"--",343,345,353,348,358,"--",348,346,348,343,351,346,344,351,352,352,344,352,343,354,350,199,351,344,350,348,339,343,353
Le Moyne,NEC,"9-23",+3,349,>>,348,347,345,355,349,360,349,344,349,353,353,350,349,354,354,338,350,337,347,352,355,353,353,351,347,351,"--",341,351,350,334,317,"--",352,330,344,354,353,354,345,357,354,351,345,351,339,344,347,295,342,352,355,339,340,350,342
Bellarmine,ASUN,"5-26",,350,>>,351,336,343,351,359,343,337,353,352,355,344,347,359,343,341,358,358,360,344,355,349,354,339,353,338,344,"--",359,355,344,359,342,"--",334,359,359,359,342,349,359,341,340,344,358,340,354,348,343,206,356,325,340,359,357,361,356
SC Upstate,BSo,"6-26",-4,351,>>,349,343,344,346,352,361,340,342,347,352,348,354,350,348,339,348,351,348,349,349,347,348,347,350,335,347,"--",360,350,345,346,353,"--",341,339,352,349,346,345,351,349,351,346,351,344,351,339,354,360,348,348,348,355,349,338,346
N Illinois,MAC,"6-25",+3,352,>>,354,348,347,347,354,357,354,340,354,354,351,343,352,349,346,351,352,352,340,347,351,352,352,352,348,350,"--",357,351,347,356,339,"--",349,350,356,358,350,347,354,340,344,345,355,349,355,342,348,316,349,345,347,354,322,349,347
New Orleans,SLC,"4-27",,353,>>,345,351,352,354,351,348,343,354,346,362,347,340,345,353,350,354,346,334,355,350,354,351,344,347,349,353,"--",350,347,351,350,356,"--",347,319,349,348,345,352,346,361,350,356,343,348,356,353,356,313,352,351,354,347,346,344,349
New Hampshire,AEC,"8-24",-3,354,>>,357,357,358,349,344,362,356,347,355,310,355,353,351,355,355,344,345,344,353,351,353,355,358,355,356,355,"--",351,348,358,337,354,"--",359,356,345,351,355,350,352,335,355,353,350,354,345,351,341,217,350,356,353,343,353,347,354
Alabama A&M,SWAC,"10-21",-1,355,>>,356,359,350,356,356,314,359,357,359,347,360,355,353,360,358,337,359,358,357,357,358,350,359,356,358,357,"--",333,357,352,358,336,"--",360,354,353,334,360,358,350,356,357,357,354,360,346,358,353,255,355,358,358,353,351,353,351
NJIT,AEC,"6-25",+1,356,>>,355,352,351,353,353,359,355,346,351,346,354,356,357,350,353,355,353,357,350,354,352,358,354,354,353,348,"--",361,354,355,352,349,"--",353,357,354,360,352,355,358,344,353,349,356,353,352,345,345,359,353,353,352,351,360,360,355
Canisius,MAAC,"3-28",-1,357,>>,358,354,360,358,358,356,358,356,357,356,357,359,358,357,359,363,356,336,351,356,356,362,356,357,355,356,"--",364,355,362,357,315,"--",356,352,358,364,357,356,356,352,356,354,359,359,359,356,358,268,358,355,356,358,362,354,361
Coppin St,MEAC,"6-23",,358,>>,360,360,363,359,355,345,362,359,360,344,362,361,354,362,362,353,355,355,361,359,357,360,362,359,363,362,"--",336,358,361,355,361,"--",361,362,355,341,362,359,353,354,360,362,353,361,358,363,362,274,357,362,362,352,347,359,357
Chicago St,NEC,"4-28",,359,>>,353,355,361,360,357,355,361,361,358,359,361,357,356,361,361,360,357,347,359,358,362,361,360,360,359,361,"--",362,358,360,354,346,"--",362,360,357,362,361,360,355,359,359,359,357,362,360,359,360,272,359,360,361,357,356,355,359
MD E Shore,MEAC,"6-24",+2,360,>>,361,361,354,362,361,364,360,358,362,358,359,358,361,359,360,356,360,359,358,361,360,359,361,361,361,360,"--",335,361,356,360,359,"--",355,344,361,342,359,361,361,358,362,361,360,357,362,361,359,301,360,359,360,360,358,358,358
Citadel,SC,"5-25",-1,361,>>,362,358,357,357,362,358,357,351,361,363,356,360,363,356,356,359,361,362,352,360,359,356,355,358,360,358,"--",356,360,357,362,360,"--",358,355,363,357,358,357,362,360,358,355,362,356,357,360,357,343,361,361,357,"--",364,356,362
Prairie View,SWAC,"5-26",-1,362,>>,359,356,356,361,360,347,353,362,356,361,358,362,360,358,357,361,362,361,360,362,361,357,357,362,357,359,"--",353,362,359,361,362,"--",357,331,360,355,356,362,360,363,361,360,361,358,361,357,361,322,362,357,359,361,361,362,360
Ark Pine Bluff,SWAC,"6-25",,363,>>,363,362,362,363,363,354,363,360,363,360,363,363,362,363,363,362,363,364,362,363,363,363,363,363,362,363,"--",347,363,363,363,363,"--",363,363,362,361,363,363,363,362,363,363,363,363,363,362,363,259,363,363,363,362,355,363,363
MS Valley St,SWAC,"3-28",,364,>>,364,363,364,364,364,363,364,364,364,364,364,364,364,364,364,364,364,363,363,364,364,364,364,364,364,364,"--",354,364,364,364,364,"--",364,364,364,363,364,364,364,364,364,364,364,364,364,364,364,305,364,364,364,"--",363,364,364
