Team,Conf,W-L,&Delta;,CMP,Sort,KPK,LAB,LMC,LOG,MAS,MB,MGS,MOR,NET,NOL,OMY,PAC,PGH,PIR,POM,REW,RMS,RPI,RT,RTH,SMS,SPR,SRS,STY,TRK,TRP,USA,WAB,WIL,WLK,WOL,7OT,AP,BAR,BBT,BIH,BMN,BNZ,BWE,COL,DCI,DII,DOK,DUN,EBP,EMK,ESR,FAS,HAS,INC,JJK,JNG,KPI
Duke,ACC,"31-3",+1,1,>>,2,3,1,1,2,3,1,1,1,3,1,1,4,1,1,2,3,4,1,3,2,5,1,1,2,1,1,6,5,1,3,2,1,1,1,3,6,1,1,4,3,2,1,1,1,1,4,2,2,1,3,3,5
Auburn,SEC,"28-5",-1,2,>>,1,2,4,2,4,2,4,4,2,5,2,4,1,2,4,3,2,1,2,2,1,1,2,2,3,2,4,1,1,2,2,1,4,3,2,1,1,2,4,1,2,1,3,3,3,4,1,1,4,3,1,1,1
Florida,SEC,"30-4",+1,3,>>,4,1,3,3,3,1,2,2,4,2,3,2,2,3,2,1,1,3,5,1,3,2,4,3,4,4,3,2,2,3,1,6,3,4,3,2,2,3,2,2,1,3,2,4,4,3,2,3,3,2,2,4,3
Houston,B12,"30-4",-1,4,>>,3,4,2,4,1,4,3,3,3,1,4,3,3,4,3,4,5,6,3,5,4,7,3,4,1,3,2,3,6,4,6,4,2,2,4,4,3,4,3,3,4,4,4,2,2,2,3,4,1,4,4,2,4
Alabama,SEC,"25-8",,5,>>,5,7,10,5,5,5,13,5,6,8,5,6,5,5,6,7,6,2,6,6,5,3,5,5,5,5,8,4,4,5,5,3,7,5,6,6,4,5,5,5,6,5,5,8,6,5,5,5,8,5,6,5,2
Tennessee,SEC,"27-7",,6,>>,6,5,9,6,6,7,6,7,5,6,6,8,6,6,5,5,4,5,7,4,6,4,6,6,6,6,6,5,3,6,4,11,6,6,5,5,5,6,6,6,5,6,6,6,5,7,7,6,5,6,5,7,6
Michigan St,B10,"27-6",,7,>>,7,6,12,7,8,8,7,8,11,7,11,7,7,10,8,6,7,8,11,7,7,6,12,7,13,12,7,7,7,7,7,16,8,10,7,7,7,12,7,7,8,8,10,7,11,11,8,7,11,7,8,6,7
St John's,BE,"30-4",+1,8,>>,8,8,6,8,7,6,5,6,13,4,13,12,8,13,11,8,9,9,12,8,8,12,13,8,15,13,5,8,10,8,9,14,5,12,8,8,8,13,8,8,7,7,12,5,12,6,6,9,15,9,7,8,10
Texas Tech,B12,"25-8",-1,9,>>,9,15,8,10,9,13,17,9,7,16,8,11,18,9,7,14,18,34,13,15,10,15,7,9,7,8,9,15,20,9,20,26,9,7,10,19,16,7,10,20,17,11,9,10,8,9,9,10,9,8,21,10,21
Maryland,B10,"25-8",+1,10,>>,10,11,13,11,14,17,18,12,10,14,10,5,19,11,12,15,17,23,8,14,11,11,9,12,10,11,12,19,17,11,21,20,11,11,13,21,15,8,9,21,12,9,13,13,13,12,18,14,6,12,20,16,17
Wisconsin,B10,"26-9",+5,11,>>,17,10,14,13,10,11,15,15,15,17,14,9,16,14,13,19,15,19,18,13,15,17,16,15,12,16,10,11,15,13,17,15,13,14,15,12,9,14,13,16,15,12,14,14,18,14,11,16,12,14,18,13,16
Iowa St,B12,"24-9",,12,>>,14,17,5,9,11,16,16,11,9,26,7,15,22,8,10,27,25,32,16,18,9,21,11,11,8,7,14,18,24,10,27,39,15,8,14,23,17,10,14,23,14,17,8,9,7,10,15,19,7,11,25,12,23
Kentucky,SEC,"22-11",-3,13,>>,12,9,24,15,17,14,35,22,14,24,15,21,11,15,16,20,8,10,9,9,16,8,15,13,17,18,21,9,8,15,8,13,18,17,16,10,10,16,15,14,18,16,20,23,17,31,14,8,21,16,14,11,9
Gonzaga,WCC,"25-8",+4,14,>>,16,25,7,12,16,32,8,10,8,13,9,19,32,7,9,28,37,20,4,30,12,24,8,10,11,9,23,35,40,12,37,5,24,9,12,36,38,9,11,24,9,13,7,11,10,8,39,21,10,10,27,30,26
Louisville,ACC,"27-7",+2,15,>>,13,18,16,18,31,12,11,20,24,9,23,10,10,24,23,11,13,16,26,16,19,32,24,16,19,28,11,17,14,17,13,8,10,20,17,13,14,24,21,11,20,15,17,17,28,22,10,13,25,23,10,23,15
Clemson,ACC,"27-6",-1,16,>>,15,14,20,17,24,18,9,23,22,12,22,14,12,21,18,10,20,15,17,19,22,25,27,20,21,25,13,22,17,16,16,19,12,19,9,11,19,26,17,12,11,21,18,16,15,19,16,11,19,21,11,18,19
Arizona,B12,"22-12",+4,17,>>,18,26,11,14,12,22,25,13,12,21,12,24,24,12,14,46,28,28,10,22,13,22,10,14,9,10,20,16,28,14,29,17,21,13,22,25,18,11,12,26,22,22,11,28,9,13,20,24,13,13,30,15,25
Michigan,B10,"25-9",+10,18,>>,11,12,22,23,13,10,24,14,23,10,24,16,9,22,25,18,14,11,31,17,14,16,20,18,26,23,15,10,12,20,14,18,14,27,33,17,11,22,19,10,29,23,30,27,29,30,12,23,29,26,12,20,8
Texas A&M,SEC,"22-10",-6,19,>>,20,16,31,21,23,19,41,25,18,27,20,23,13,20,17,21,11,18,27,10,21,10,21,22,22,22,18,12,9,19,11,32,19,22,19,9,13,21,20,17,27,14,22,30,22,23,17,12,17,22,16,9,14
Purdue,B10,"22-11",-6,20,>>,19,22,19,16,15,23,27,17,19,33,18,17,20,18,19,30,22,13,21,20,18,14,18,19,18,15,22,20,19,18,25,12,22,18,18,20,20,18,16,18,21,20,19,24,21,20,27,18,23,17,22,14,12
Missouri,SEC,"22-11",+2,21,>>,27,13,17,24,34,28,32,28,16,53,16,13,23,19,15,25,12,41,19,11,27,9,19,21,16,27,24,24,13,21,15,30,23,26,21,22,29,17,24,36,31,10,15,36,31,25,29,15,14,15,23,25,28
St Mary's CA,WCC,"28-5",-2,22,>>,26,24,25,27,26,25,12,34,21,19,30,27,21,31,22,13,33,12,15,31,26,34,31,24,24,35,19,27,31,27,24,7,20,23,11,15,28,29,18,15,13,25,24,12,30,18,25,25,22,28,13,26,20
BYU,B12,"24-9",+1,23,>>,24,23,21,25,19,21,23,18,25,11,21,26,26,23,24,32,29,46,32,27,23,28,22,23,14,20,17,21,29,24,31,48,17,15,30,26,21,20,23,28,36,29,16,19,24,16,19,27,16,19,29,17,30
Illinois,B10,"21-12",-5,24,>>,21,28,23,20,22,30,33,16,17,30,17,22,27,16,20,38,26,39,14,23,17,18,14,17,23,17,"--",25,26,23,32,21,"--",21,24,31,26,15,22,32,35,19,23,29,23,27,30,20,20,20,34,22,22
Mississippi,SEC,"22-11",,25,>>,23,19,33,26,32,20,43,33,28,28,26,18,17,28,26,22,10,17,30,12,29,13,28,28,28,30,"--",13,10,25,10,25,"--",31,23,14,22,28,30,22,33,18,34,37,32,33,22,17,32,29,19,21,18
Kansas,B12,"21-12",-4,26,>>,25,30,15,19,21,27,38,21,20,38,19,31,31,17,21,43,32,21,23,29,20,23,17,26,20,14,"--",26,33,22,38,23,"--",16,28,34,23,19,25,27,34,28,21,34,14,15,26,30,18,18,38,27,24
Oregon,B10,"24-9",-1,27,>>,22,21,40,32,27,15,29,27,29,23,31,20,15,33,31,17,16,14,40,21,24,19,33,25,39,32,"--",14,16,29,18,71,25,33,26,18,12,33,28,13,24,31,33,22,36,37,21,22,36,34,17,19,11
Marquette,BE,"23-10",+1,28,>>,30,29,18,22,20,24,31,29,26,40,25,32,36,25,28,33,34,26,24,33,25,30,26,29,31,21,25,29,34,26,36,27,"--",28,25,30,27,27,31,31,25,26,28,21,20,24,23,29,26,27,32,28,31
UCLA,B10,"22-10",-2,29,>>,29,27,30,28,29,29,46,19,27,32,28,25,29,26,27,26,31,43,22,28,28,20,25,27,25,26,"--",28,29,28,34,36,"--",25,36,27,25,25,27,34,37,27,25,33,27,29,28,31,24,24,33,24,29
Memphis,AAC,"29-5",,30,>>,28,20,43,44,28,9,14,48,49,15,54,46,14,49,51,9,19,7,34,35,34,26,60,38,60,53,16,23,22,41,12,9,16,57,29,16,24,58,40,9,19,37,56,18,46,39,13,26,66,55,9,29,13
Mississippi St,SEC,"21-12",+1,31,>>,31,33,35,29,35,35,47,37,34,52,29,40,30,32,32,40,21,37,33,25,36,29,32,30,32,31,"--",30,20,30,22,38,"--",35,34,24,31,31,36,37,39,24,29,39,35,35,34,28,38,32,31,32,27
Connecticut,BE,"23-10",+1,32,>>,36,36,28,34,18,31,39,24,32,29,32,42,45,30,35,45,40,54,38,39,30,39,30,31,35,24,"--",36,42,34,47,42,"--",29,38,40,33,30,29,45,40,32,27,15,16,21,31,36,28,30,45,31,45
VCU,A10,"28-6",+3,33,>>,37,39,34,31,46,50,10,30,31,18,36,43,43,34,30,29,55,24,20,48,32,49,42,32,29,36,"--",50,53,33,42,10,"--",30,20,41,50,39,26,29,10,42,32,20,34,17,46,45,31,35,35,48,33
Creighton,BE,"24-10",,34,>>,34,34,26,36,25,26,30,36,38,25,40,35,35,35,37,34,36,35,42,36,33,41,37,35,33,34,"--",31,35,36,41,34,"--",37,39,38,30,36,33,35,38,39,35,32,26,32,24,38,30,36,36,33,37
Georgia,SEC,"20-12",-4,35,>>,35,32,37,38,45,37,51,32,33,43,33,29,33,37,34,35,23,40,29,24,35,27,34,37,30,37,"--",33,22,35,26,28,"--",36,32,33,32,32,37,40,51,30,37,43,38,42,35,32,37,33,37,36,38
New Mexico,MWC,"26-7",-1,36,>>,38,31,41,39,39,34,26,53,42,36,41,51,28,40,41,24,38,25,37,40,38,36,43,39,40,44,"--",34,36,37,35,29,"--",41,31,29,34,41,38,25,28,34,38,48,49,36,33,33,48,41,28,34,32
North Carolina,ACC,"22-13",+1,37,>>,32,41,27,33,33,39,50,31,36,34,34,28,38,29,33,60,43,33,28,41,37,50,35,36,36,29,"--",42,41,32,43,33,"--",32,47,43,44,34,34,39,45,33,31,46,25,28,38,41,34,31,44,44,54
Baylor,B12,"19-14",-1,38,>>,39,46,29,30,30,40,71,26,30,46,27,38,49,27,29,65,42,56,35,38,31,38,23,33,27,19,"--",40,45,31,50,78,"--",24,42,45,39,23,32,56,48,36,26,47,19,26,40,43,27,25,58,35,52
UC San Diego,BWC,"30-4",+5,39,>>,33,40,64,37,59,45,20,45,35,31,39,37,40,43,36,16,50,31,25,52,40,44,57,34,45,51,"--",45,49,38,23,49,"--",34,27,35,51,43,41,33,16,61,39,26,57,41,47,44,33,42,24,49,40
Utah St,MWC,"26-7",-1,40,>>,40,37,63,55,38,36,28,50,37,41,49,49,34,51,52,23,39,27,36,44,41,42,49,40,48,50,"--",38,37,51,33,43,"--",51,41,32,37,49,44,30,44,48,45,31,44,55,36,34,50,53,26,37,35
Arkansas,SEC,"20-13",-1,41,>>,41,42,38,41,42,44,62,42,40,35,38,39,42,38,40,53,30,65,39,32,42,33,36,42,43,39,"--",39,32,39,39,96,"--",42,45,44,40,37,39,52,65,38,42,55,42,40,45,39,42,38,46,39,43
Oklahoma,SEC,"20-13",+3,42,>>,46,38,54,43,41,38,61,41,43,49,37,34,37,41,38,49,24,61,61,26,44,37,40,43,46,43,"--",32,25,44,28,90,"--",47,40,39,35,42,43,47,56,35,46,58,43,47,37,35,45,37,41,38,42
Colorado St,MWC,"25-9",+8,43,>>,42,43,46,46,43,46,22,35,47,20,51,30,39,46,42,39,47,42,58,49,45,51,50,41,38,54,"--",47,43,40,44,47,"--",38,57,50,46,45,35,38,49,49,36,41,53,38,49,53,39,44,40,51,44
Xavier,BE,"21-11",-2,44,>>,44,48,32,40,36,42,52,38,45,39,43,33,56,39,43,55,52,59,44,46,39,46,39,44,37,38,"--",49,54,43,57,40,"--",40,46,55,48,38,42,60,46,44,41,56,39,34,43,51,35,39,60,46,60
Drake,MVC,"30-3",+3,45,>>,43,35,92,63,37,33,19,55,56,22,68,54,25,69,58,12,41,22,71,50,53,53,77,53,58,76,"--",41,37,56,19,35,"--",60,35,28,43,74,49,19,23,60,67,25,73,49,32,40,64,68,15,41,34
Vanderbilt,SEC,"20-12",-3,46,>>,47,47,56,51,52,41,68,54,48,61,46,47,41,50,49,36,27,58,50,34,48,31,44,46,42,56,"--",37,27,50,30,104,"--",53,53,37,36,44,51,49,83,46,49,57,56,54,41,37,46,52,39,42,46
Ohio St,B10,"17-15",-6,47,>>,48,55,39,35,44,55,86,39,41,69,35,52,57,36,39,67,48,76,41,43,43,40,29,45,41,33,"--",55,50,42,59,50,"--",39,44,56,54,35,47,63,58,41,43,61,37,44,56,48,40,40,64,55,53
Indiana,B10,"19-13",-2,48,>>,50,51,45,45,48,47,63,46,54,45,50,44,46,45,48,59,44,52,48,42,46,43,46,49,55,45,"--",48,45,46,52,45,"--",50,43,49,42,50,45,44,55,50,51,64,52,46,50,47,52,46,51,43,36
Texas,SEC,"19-15",+4,49,>>,53,45,50,48,40,52,74,43,39,51,42,36,50,42,44,62,35,88,54,37,52,35,38,47,49,40,"--",46,37,52,45,113,"--",44,64,54,47,40,48,64,87,40,44,53,33,43,52,42,47,43,57,50,57
Boise St,MWC,"24-10",,50,>>,52,44,49,52,50,51,40,58,44,37,48,53,47,52,50,41,51,45,47,55,51,48,51,48,50,55,"--",53,51,48,49,46,"--",45,52,47,55,52,46,48,43,45,40,40,48,53,55,52,53,50,48,47,50
West Virginia,B12,"19-13",-4,51,>>,49,52,42,47,49,43,66,52,51,67,44,45,51,54,53,64,46,57,49,45,47,47,41,51,34,47,"--",43,48,49,55,41,"--",43,55,48,41,47,54,55,72,54,53,62,51,51,42,50,44,47,59,40,48
San Diego St,MWC,"21-9",-3,52,>>,51,57,62,53,47,49,84,59,52,56,53,68,44,53,46,31,45,44,53,47,50,45,52,52,53,57,"--",44,43,47,46,37,"--",52,48,42,45,55,50,43,54,43,50,38,54,57,48,46,51,54,43,45,39
SMU,ACC,"23-10",-1,53,>>,45,49,47,42,54,53,34,44,46,62,45,56,55,44,47,58,53,63,46,53,49,57,45,50,47,42,"--",58,51,45,58,65,"--",46,59,52,56,46,52,50,53,47,47,45,45,52,51,49,41,45,53,62,62
Cincinnati,B12,"18-15",,54,>>,58,58,44,49,53,57,73,56,50,72,47,58,67,47,55,92,58,94,67,58,54,55,47,56,44,41,"--",61,61,53,67,88,"--",48,72,64,61,51,60,75,84,52,48,70,40,45,59,59,43,48,73,58,66
San Francisco,WCC,"24-9",,55,>>,63,50,71,68,60,54,42,76,64,59,67,70,52,64,65,44,56,47,52,59,58,66,65,58,61,67,"--",52,55,67,53,31,"--",68,56,53,53,66,58,51,57,64,72,50,75,74,54,54,75,64,47,53,58
Northwestern,B10,"17-16",+2,56,>>,64,60,48,50,57,63,101,47,53,77,52,41,63,48,45,74,59,95,60,56,55,54,48,54,54,48,"--",70,59,54,68,75,"--",49,65,67,62,48,53,73,79,51,54,71,47,50,71,58,49,49,71,72,65
UC Irvine,BWC,"28-6",,57,>>,54,53,85,58,71,56,21,87,62,63,63,66,54,68,66,37,65,30,56,71,56,58,85,55,80,77,"--",54,56,58,40,64,"--",69,37,46,57,76,68,41,26,87,78,35,95,79,57,56,81,72,42,59,41
Nebraska,B10,"17-14",-2,58,>>,59,69,58,54,58,58,83,62,59,97,55,50,61,58,54,68,54,67,59,51,61,52,58,57,62,58,"--",57,57,55,63,80,"--",58,51,60,60,57,61,65,63,56,55,72,55,63,60,57,63,57,65,57,55
Liberty,CUSA,"28-6",+5,59,>>,56,56,96,64,74,66,37,71,60,48,65,67,48,71,62,42,75,50,65,73,57,74,83,61,56,82,"--",60,57,57,48,53,"--",66,49,57,58,75,56,42,42,82,76,49,85,69,62,62,57,67,49,63,49
Wake Forest,ACC,"21-11",-1,60,>>,61,59,66,69,55,48,70,63,69,57,70,60,53,66,71,48,49,64,106,54,63,72,73,63,70,64,"--",51,47,66,51,92,"--",72,67,51,49,68,64,54,89,53,58,66,62,66,44,55,65,63,54,52,59
McNeese St,SLC,"27-6",+2,61,>>,55,65,88,57,96,82,45,67,58,47,62,71,65,65,59,51,84,48,57,82,78,71,78,60,63,73,"--",59,79,59,62,52,"--",61,50,59,67,64,66,59,32,75,65,44,66,62,64,65,70,66,56,64,77
Villanova,BE,"19-14",-2,62,>>,68,63,36,61,51,61,82,51,55,71,58,63,80,55,56,94,73,109,70,69,59,61,55,62,52,46,"--",71,77,61,91,86,"--",55,73,76,72,53,55,85,76,55,52,75,41,48,61,67,55,51,83,56,95
George Mason,A10,"26-8",+6,63,>>,60,54,79,75,72,59,55,74,68,42,85,64,58,79,78,54,74,29,64,77,65,86,87,67,71,80,"--",56,62,71,54,22,"--",79,62,58,52,85,59,46,52,73,77,51,69,71,53,63,80,84,50,65,47
Santa Clara,WCC,"20-12",-2,64,>>,65,62,53,62,80,78,59,57,57,83,59,61,74,59,57,76,81,81,43,78,62,59,56,59,51,61,"--",84,79,60,80,44,"--",54,69,71,76,54,57,72,64,66,57,73,70,64,88,68,60,56,72,60,61
Dayton,A10,"22-10",-4,65,>>,70,68,60,76,68,67,87,65,67,58,79,80,60,74,74,56,69,55,62,72,64,73,75,70,78,72,"--",62,68,72,65,24,"--",77,61,63,59,82,62,58,68,70,63,63,72,60,58,60,69,77,62,54,51
Iowa,B10,"17-16",+1,66,>>,72,72,73,66,56,64,92,49,63,80,60,48,71,60,64,78,57,124,76,57,67,62,59,68,66,59,"--",63,60,68,69,119,"--",64,79,74,64,59,67,81,115,59,64,79,59,68,69,61,71,61,77,69,79
Penn St,B10,"16-15",-1,67,>>,71,76,59,56,62,80,95,40,66,85,56,62,82,56,60,77,68,133,66,60,60,56,53,64,64,52,"--",82,75,62,94,120,"--",56,63,89,78,56,69,94,73,62,60,68,58,67,80,69,54,58,90,82,86
USC,B10,"16-17",+2,68,>>,73,75,57,65,65,71,91,60,70,90,61,69,72,61,63,70,63,102,72,61,68,60,61,69,59,60,"--",81,68,65,78,76,"--",63,80,75,77,60,65,80,104,57,61,85,60,59,83,66,61,60,80,85,69
Pittsburgh,ACC,"17-15",-4,69,>>,69,77,51,59,69,79,90,61,61,136,57,79,78,57,61,100,77,111,63,68,66,63,54,65,72,49,"--",89,72,63,89,106,"--",59,71,77,82,61,76,83,74,58,59,76,50,56,79,70,58,62,86,74,92
Kansas St,B12,"16-17",+1,70,>>,78,70,55,67,63,68,113,66,75,73,64,55,73,62,67,93,64,120,100,65,73,64,63,71,57,62,"--",72,70,69,75,116,"--",62,83,73,66,62,72,96,114,63,62,106,63,61,72,76,56,59,85,75,74
North Texas,AAC,"24-8",-3,71,>>,77,66,84,83,73,70,60,97,65,68,80,94,66,83,72,61,85,51,68,83,75,79,86,75,73,85,"--",68,75,81,64,51,"--",76,54,61,68,86,71,62,47,76,80,60,80,72,63,75,79,81,63,70,73
UCF,B12,"17-16",+3,72,>>,81,71,52,78,64,60,108,64,71,88,73,65,69,63,68,83,61,105,91,62,70,65,67,76,69,65,"--",67,62,70,73,125,"--",67,97,70,63,69,77,74,122,71,66,87,64,78,65,72,59,70,75,71,75
Yale,Ivy,"22-7",+5,73,>>,57,82,109,60,85,91,107,68,72,50,74,81,83,76,73,63,104,38,45,100,69,85,93,66,79,75,"--",75,97,64,66,63,"--",83,60,80,80,78,63,68,30,90,71,59,68,58,74,85,77,79,68,81,68
High Point,BSo,"29-5",+3,74,>>,62,64,111,71,94,76,36,86,82,44,89,101,68,87,84,47,92,53,55,94,77,90,101,74,85,89,"--",66,84,74,61,58,"--",86,58,65,69,89,75,61,41,91,81,54,81,73,67,71,88,89,61,87,71
Stanford,ACC,"20-13",+4,75,>>,74,74,77,84,76,69,75,72,81,78,83,73,64,84,82,75,70,72,84,74,79,83,76,79,75,83,"--",73,67,76,70,73,"--",82,96,69,71,81,78,66,105,68,74,83,88,85,70,74,82,78,67,61,76
Bradley,MVC,"26-8",,76,>>,67,61,102,92,75,65,49,82,80,60,93,102,59,96,95,50,79,49,73,81,72,81,94,78,99,92,"--",69,66,88,56,69,"--",90,76,62,75,98,74,53,69,97,102,52,92,114,73,64,101,96,52,68,56
TCU,B12,"16-16",-4,77,>>,75,84,65,86,61,62,123,91,78,98,75,57,70,77,86,81,60,99,95,66,71,68,66,72,74,68,"--",64,62,78,74,138,"--",74,110,66,65,70,81,77,176,79,79,102,67,80,68,73,67,74,78,73,70
St Joseph's PA,A10,"22-12",+2,78,>>,76,67,70,72,95,88,56,79,76,70,82,84,81,78,79,88,95,68,51,89,81,82,84,77,82,81,"--",111,90,77,88,59,"--",81,70,85,95,83,70,71,62,74,70,77,71,70,92,80,73,80,70,67,64
Rutgers,B10,"15-17",-5,79,>>,80,79,67,73,70,73,139,70,77,79,72,74,75,70,75,82,66,112,93,64,80,70,69,80,68,66,"--",78,71,75,79,133,"--",73,81,78,73,67,73,86,116,65,69,112,76,77,77,77,78,65,87,80,83
Utah,B12,"16-16",-8,80,>>,84,85,68,74,67,74,105,75,73,103,66,75,85,67,76,96,67,166,85,70,76,67,62,73,67,63,"--",77,73,73,97,141,"--",65,93,81,79,63,83,107,142,67,68,86,61,75,75,78,76,69,100,78,96
Akron,MAC,"28-6",+6,81,>>,66,73,112,90,88,72,58,111,91,54,103,88,62,100,99,52,94,36,74,97,89,94,113,85,100,106,"--",65,82,87,60,57,"--",110,68,68,70,105,79,57,50,109,104,65,112,98,66,81,96,106,55,79,63
Grand Canyon,WAC,"26-7",+6,82,>>,79,78,99,89,83,84,44,89,92,55,92,87,77,90,93,57,93,84,80,95,82,92,100,88,83,91,"--",76,88,90,71,81,"--",93,85,72,74,91,80,69,66,86,83,42,87,65,78,87,89,88,66,89,94
Arizona St,B12,"13-19",-2,83,>>,87,100,72,80,78,75,164,83,74,126,69,85,89,72,70,109,72,106,97,75,74,69,64,82,65,69,"--",80,79,80,98,87,"--",71,99,83,84,65,92,112,136,85,85,129,77,86,81,82,62,75,110,92,82
LSU,SEC,"14-18",-2,84,>>,93,81,87,95,81,86,129,93,89,124,81,86,86,82,88,90,62,157,90,63,90,77,71,81,84,71,"--",74,62,94,77,150,"--",87,104,84,83,77,95,113,167,77,89,109,74,87,85,79,85,87,104,108,105
Minnesota,B10,"15-17",-2,85,>>,88,86,80,97,82,81,142,88,96,102,90,90,79,88,90,72,71,115,117,76,87,75,82,96,86,88,"--",86,73,92,96,137,"--",89,102,79,87,84,86,95,140,72,87,117,90,89,89,83,87,85,92,100,67
South Carolina,SEC,"12-20",-2,86,>>,91,88,78,77,86,104,160,73,87,115,71,77,92,73,69,124,76,139,94,67,86,78,72,86,76,74,"--",99,77,79,104,122,"--",78,87,102,113,71,82,122,135,69,75,144,79,83,109,84,68,71,120,131,106
Colorado,B12,"14-20",+12,87,>>,99,92,61,91,66,83,157,69,86,89,77,59,94,80,81,102,78,169,112,79,83,76,68,90,81,79,"--",93,84,83,112,149,"--",70,155,121,101,73,84,128,183,84,82,130,82,84,91,86,74,76,122,95,100
Arkansas St,SBC,"24-10",-2,88,>>,85,80,100,79,113,110,54,98,94,100,91,127,103,92,91,69,119,69,69,112,97,96,104,93,95,94,"--",108,115,89,99,56,"--",95,74,94,98,97,99,84,59,106,90,67,91,81,104,100,97,98,84,77,89
Oregon St,WCC,"20-12",+2,89,>>,98,97,90,87,102,103,76,78,85,133,84,93,105,89,85,85,97,137,81,92,91,87,80,83,91,95,"--",90,104,93,113,105,"--",85,78,93,91,87,96,104,77,100,95,74,98,102,108,91,95,90,102,66,113
Florida St,ACC,"17-15",-5,90,>>,90,95,86,85,84,90,102,80,90,110,86,96,93,85,89,115,87,130,103,84,84,89,79,91,93,84,"--",116,89,86,117,115,"--",88,91,103,102,88,98,99,103,81,88,94,86,88,93,88,90,86,108,106,122
UNC Wilmington,CAA,"27-7",+5,91,>>,82,83,121,96,106,97,48,95,102,64,115,104,87,111,105,66,107,60,89,111,98,116,120,92,109,113,"--",83,100,98,76,62,"--",112,77,86,97,113,89,67,61,117,101,69,111,95,84,90,122,113,69,101,88
Butler,BE,"14-19",,92,>>,101,104,69,81,77,89,143,77,83,123,76,76,118,75,77,119,91,152,82,85,85,80,70,87,77,70,"--",118,97,85,138,99,"--",75,114,123,122,72,88,134,138,80,84,131,65,76,97,95,72,73,134,111,135
Nevada,MWC,"17-16",,93,>>,100,91,81,82,87,109,94,90,79,134,78,98,107,81,80,123,90,154,77,88,92,84,74,84,88,78,"--",126,100,82,123,131,"--",80,86,112,137,79,90,120,99,78,73,103,78,82,128,94,83,82,121,119,126
"Loyola-Chicago",A10,"22-11",+4,94,>>,105,89,91,118,101,96,98,85,107,65,120,89,88,104,108,87,98,80,99,99,101,110,111,97,98,103,"--",103,94,104,90,67,"--",106,95,92,93,114,85,76,96,104,86,81,101,99,95,92,99,104,76,104,78
UNLV,MWC,"18-15",-5,95,>>,96,96,89,107,92,87,99,108,98,91,95,103,84,98,92,107,82,107,122,86,100,91,91,95,89,102,"--",102,86,95,101,128,"--",94,94,88,115,94,94,93,124,89,96,110,96,100,103,89,86,94,94,76,97
St Bonaventure,A10,"22-11",-1,96,>>,107,101,105,101,103,100,78,114,97,94,101,122,97,108,102,80,101,75,86,101,99,105,109,99,92,110,"--",91,97,109,87,55,"--",108,84,90,90,111,102,82,81,103,114,82,110,119,87,99,98,111,79,83,84
Lipscomb,ASUN,"25-9",,97,>>,83,107,107,70,122,123,53,116,84,93,87,106,120,91,83,91,129,101,75,114,93,98,105,89,101,99,"--",92,143,84,102,68,"--",91,66,100,92,93,100,106,60,114,107,78,106,103,114,103,108,97,99,91,104
Georgetown,BE,"17-15",-9,98,>>,102,93,74,88,89,85,118,81,88,153,88,91,119,86,87,116,89,160,109,91,88,88,81,94,94,86,"--",98,100,91,127,143,"--",84,121,99,96,80,107,124,119,83,92,105,84,112,82,93,84,83,119,86,129
Georgia Tech,ACC,"17-16",+5,99,>>,103,94,82,109,93,94,109,84,109,81,98,72,99,95,94,106,86,171,115,90,104,93,90,100,90,93,"--",113,92,97,121,145,"--",92,141,114,103,92,97,118,157,95,91,120,94,91,94,96,91,91,118,88,121
UAB,AAC,"22-12",+9,100,>>,106,98,97,111,99,107,69,99,106,66,110,83,100,99,103,110,111,87,78,109,109,108,107,103,102,98,"--",122,107,106,111,54,"--",105,105,110,118,106,87,89,80,98,94,89,99,90,115,116,107,99,95,118,102
Northern Iowa,MVC,"20-12",-1,101,>>,97,90,103,100,111,111,93,94,93,96,100,113,96,102,101,114,105,86,79,105,96,99,102,98,117,104,"--",129,96,99,103,82,"--",97,98,106,123,100,93,87,86,110,108,101,113,110,141,97,100,105,91,103,80
Oklahoma St,B12,"15-17",-8,102,>>,117,103,83,116,79,77,128,100,95,104,97,78,91,97,100,108,80,161,187,80,95,95,92,106,87,96,"--",85,82,100,107,148,"--",96,123,95,81,96,104,116,191,93,93,133,103,101,76,98,94,93,113,114,112
Troy,SBC,"23-10",+4,103,>>,92,108,120,93,116,122,89,107,99,87,99,95,111,101,98,97,128,91,88,117,103,111,112,102,103,108,"--",97,119,96,106,72,"--",100,75,119,106,103,101,100,70,112,99,93,109,92,102,109,104,101,101,96,107
Utah Valley,WAC,"25-8",-1,104,>>,86,106,124,105,104,92,72,124,108,74,111,100,101,114,114,71,115,83,130,122,94,100,121,105,110,114,"--",87,112,102,81,126,"--",104,106,87,86,110,106,91,82,118,110,80,126,97,86,107,133,112,88,98,120
MTSU,CUSA,"22-11",-3,105,>>,89,87,128,113,119,101,179,119,105,101,108,116,76,121,119,105,100,62,92,104,102,117,116,101,120,123,"--",110,86,105,72,98,"--",114,100,82,99,115,105,70,95,115,119,104,141,127,111,101,117,118,74,94,72
Chattanooga,SC,"24-9",,106,>>,94,117,126,98,117,105,65,132,115,76,118,120,116,118,110,84,121,78,110,120,107,118,139,104,135,119,"--",88,120,107,85,84,"--",121,82,91,89,124,108,98,75,122,106,90,134,111,96,112,121,116,93,93,87
St Louis,A10,"19-14",-2,107,>>,122,115,104,114,115,116,116,106,101,82,107,107,109,109,106,132,109,79,83,107,106,107,108,111,108,111,"--",132,112,113,118,60,"--",102,107,115,125,107,91,105,100,99,97,127,108,96,121,111,103,102,107,97,85
Virginia,ACC,"15-17",-7,108,>>,111,112,93,120,91,99,131,113,110,109,104,82,98,103,104,113,88,122,132,93,108,106,96,108,96,100,"--",114,90,103,120,107,"--",101,131,107,114,99,103,111,165,94,100,152,100,107,100,102,105,100,117,130,124
Washington St,WCC,"19-14",+2,109,>>,123,116,106,124,90,93,85,115,112,122,116,129,102,117,124,128,96,121,140,98,112,103,106,109,106,116,"--",105,100,120,114,77,"--",119,111,109,112,118,122,108,125,107,124,95,114,129,106,104,124,119,111,90,116
Notre Dame,ACC,"15-18",+2,110,>>,118,118,76,103,100,112,168,101,103,111,96,92,123,93,96,134,99,175,141,96,111,109,89,107,97,87,"--",142,107,101,142,129,"--",99,135,135,132,95,110,139,170,88,98,140,89,94,117,106,92,95,139,173,146
Belmont,MVC,"22-11",+2,111,>>,112,102,119,140,108,98,111,103,129,86,133,140,90,129,129,99,102,89,116,108,105,123,122,113,130,137,"--",117,94,126,86,93,"--",125,125,97,120,131,109,78,121,119,129,92,162,144,116,105,125,128,82,121,93
CS Northridge,BWC,"22-10",-4,112,>>,109,126,138,104,146,124,79,143,104,114,102,105,122,119,107,98,112,108,104,119,110,101,118,115,128,129,"--",107,116,110,92,182,"--",117,89,104,108,116,125,114,94,121,118,100,133,132,120,118,113,115,109,110,117
Furman,SC,"25-9",-3,113,>>,95,105,171,121,114,106,106,127,127,99,134,125,115,132,137,79,122,73,126,130,117,124,150,110,141,128,"--",94,116,117,84,110,"--",138,109,96,88,144,121,88,101,138,132,88,136,128,99,110,147,139,89,107,81
Samford,SC,"22-10",+4,114,>>,104,129,133,94,125,126,112,142,116,137,112,166,135,115,116,101,138,93,87,134,119,112,130,122,137,115,"--",106,139,108,108,94,"--",130,88,113,94,126,132,117,67,129,116,91,115,121,112,121,132,124,112,105,99
Washington,B10,"13-18",-1,115,>>,140,124,117,138,98,102,200,110,117,145,105,99,112,107,109,117,83,165,165,87,114,97,95,121,118,105,"--",112,93,129,126,144,"--",113,159,116,107,101,123,133,203,96,112,153,107,116,105,108,116,107,131,109,109
G Washington,A10,"21-12",+1,116,>>,131,111,108,119,130,128,81,125,124,119,125,111,126,116,113,126,123,131,105,118,120,119,114,120,116,117,"--",134,126,116,125,101,"--",118,101,129,124,123,113,115,97,113,117,115,116,108,126,113,111,117,116,125,119
FL Atlantic,AAC,"18-15",-2,117,>>,125,121,115,115,105,121,117,104,111,112,106,131,127,110,115,147,130,104,96,126,113,113,110,127,111,107,"--",157,124,114,133,112,"--",111,126,130,164,112,111,127,120,105,111,119,102,115,138,126,119,114,132,123,139
Col Charleston,CAA,"24-9",+1,118,>>,114,119,142,142,118,108,67,135,150,95,149,148,104,149,153,73,117,74,121,124,123,144,158,116,161,140,"--",109,107,136,93,89,"--",156,103,98,104,156,119,79,102,139,144,84,123,131,98,114,155,147,81,124,91
N Colorado,BSC,"25-9",+3,119,>>,113,128,134,112,124,113,88,126,114,120,123,108,133,124,122,112,135,116,128,136,121,104,128,126,119,130,"--",104,133,123,115,124,"--",123,118,118,109,121,137,129,98,131,127,97,128,122,110,129,109,122,123,99,143
Jacksonville St,CUSA,"22-12",+5,120,>>,116,99,129,130,127,118,150,144,122,113,127,112,95,130,123,121,113,71,138,115,122,125,135,112,132,143,"--",123,105,119,95,136,"--",122,108,101,116,127,114,90,113,127,135,137,153,153,135,115,129,123,103,120,90
Providence,BE,"12-20",-5,121,>>,145,130,75,102,97,127,191,96,100,177,94,97,151,94,97,159,114,198,114,103,116,102,88,130,104,90,"--",161,130,112,170,140,"--",98,127,150,161,90,116,171,146,92,103,156,83,93,131,124,93,92,167,160,149
Robert Morris,HL,"26-8",+8,122,>>,108,113,140,137,131,115,64,123,139,75,147,110,110,152,139,95,131,92,129,135,130,139,152,117,149,171,"--",95,124,133,100,123,"--",139,115,111,105,139,112,92,92,144,138,98,168,137,101,119,144,138,96,115,110
North Alabama,ASUN,"24-10",+1,123,>>,120,134,132,99,154,144,57,129,113,129,117,124,142,122,111,122,159,114,111,145,133,122,127,118,113,132,"--",119,155,111,131,102,"--",116,90,128,110,119,127,131,78,156,140,99,155,135,132,137,110,121,129,112,144
Louisiana Tech,CUSA,"20-12",-3,124,>>,137,120,161,128,128,134,120,128,126,147,124,142,114,125,126,118,120,96,113,116,124,129,126,114,134,127,"--",135,112,127,116,134,"--",120,92,117,127,128,117,109,90,130,123,121,140,120,150,130,136,120,115,138,103
Kent,MAC,"22-11",-5,125,>>,119,110,143,135,136,133,103,147,128,118,136,143,117,136,136,111,134,82,101,138,128,141,140,128,127,135,"--",120,126,131,109,66,"--",141,120,125,131,141,120,101,106,124,137,116,129,126,130,117,128,140,106,116,115
Syracuse,ACC,"14-19",-3,126,>>,138,132,95,132,107,119,172,102,133,125,119,109,125,106,117,139,103,174,147,102,135,135,103,125,107,101,"--",148,110,122,150,118,"--",109,156,145,146,108,115,141,180,102,115,167,97,105,123,122,118,103,145,186,147
Montana,BSC,"25-9",+15,127,>>,121,127,187,158,123,95,77,140,143,84,158,114,108,165,157,89,116,66,152,128,129,136,168,135,133,173,"--",79,110,142,82,108,"--",154,138,108,85,154,141,102,109,173,155,114,173,159,90,123,139,156,97,102,125
Miami OH,MAC,"25-9",+8,128,>>,110,122,158,139,134,120,80,139,147,107,157,132,113,153,151,86,133,90,143,133,138,142,162,134,146,154,"--",101,122,137,105,95,"--",157,113,120,111,160,130,97,88,155,160,107,143,148,107,120,150,154,98,117,111
Wichita St,AAC,"19-14",+2,129,>>,146,109,118,153,112,125,114,146,134,127,131,146,124,127,135,143,124,134,137,125,125,126,117,132,140,122,"--",145,122,134,137,135,"--",131,142,126,143,134,129,119,134,116,128,136,120,124,129,132,152,126,127,122,140
St Thomas MN,SL,"24-10",-2,130,>>,129,131,125,117,143,129,148,169,118,150,121,136,147,131,127,127,143,113,124,144,118,114,136,133,114,141,"--",121,147,130,124,132,"--",135,117,124,119,120,144,135,93,146,136,96,149,133,133,142,112,131,135,113,142
California,ACC,"14-19",-2,131,>>,144,137,98,125,120,132,169,105,125,162,109,115,132,113,112,140,108,202,148,106,127,127,99,119,121,112,"--",162,116,115,161,204,"--",103,166,144,160,102,133,155,188,101,105,173,104,109,140,125,114,108,158,189,154
DePaul,BE,"14-19",+1,132,>>,150,133,94,129,110,117,161,92,119,168,114,118,148,112,118,144,110,221,155,110,115,120,97,123,112,109,"--",137,130,124,175,147,"--",107,191,167,145,104,140,169,198,111,121,176,105,118,118,127,102,110,166,177,170
Cornell,Ivy,"18-11",+4,133,>>,128,160,165,108,149,158,196,112,120,121,129,126,155,120,128,138,162,119,108,155,136,152,138,124,125,118,"--",143,160,118,147,85,"--",132,116,154,140,125,118,145,85,151,113,134,117,106,134,144,106,125,141,155,141
Illinois St,MVC,"19-14",-2,134,>>,136,123,116,141,129,131,127,120,121,139,138,170,129,140,140,151,132,128,120,129,131,134,124,136,131,139,"--",164,126,138,130,74,"--",134,133,131,156,135,135,130,127,132,143,135,124,149,155,128,120,137,130,156,123
UC Riverside,BWC,"21-12",-9,135,>>,130,114,145,157,144,114,115,195,142,117,144,130,106,157,145,104,106,70,171,121,126,128,154,138,151,169,"--",96,106,147,83,181,"--",151,128,105,100,151,146,103,139,149,164,142,200,174,119,131,142,150,105,84,98
Towson,CAA,"22-11",-9,136,>>,115,125,135,145,132,130,97,133,151,92,160,167,128,150,154,129,139,77,135,147,134,168,172,141,167,147,"--",124,133,143,110,100,"--",159,129,122,126,161,124,110,108,158,142,118,145,141,124,134,167,152,114,128,114
South Alabama,SBC,"21-11",-3,137,>>,132,144,139,122,150,154,104,136,123,151,128,141,145,126,121,135,156,140,107,151,142,157,132,129,136,131,"--",130,150,121,144,156,"--",126,130,139,147,130,138,138,117,133,125,132,138,117,136,138,137,132,140,127,158
Kennesaw,CUSA,"19-14",+2,138,>>,142,139,152,151,152,136,156,145,137,144,135,128,121,146,130,150,127,98,154,127,137,140,143,137,124,163,"--",158,120,135,119,111,"--",133,132,127,134,137,131,121,143,147,145,168,185,158,158,139,140,134,128,142,101
NC State,ACC,"12-19",-1,139,>>,159,148,101,127,109,148,199,109,132,170,113,119,154,105,125,166,125,248,150,113,144,133,98,139,115,97,"--",175,133,128,187,146,"--",115,167,164,158,109,139,180,207,108,109,139,93,104,148,136,115,109,181,203,179
WI Milwaukee,HL,"21-11",+1,140,>>,134,149,151,123,160,146,145,151,135,135,137,160,146,143,144,133,152,117,127,149,145,138,146,140,163,145,"--",140,150,140,135,117,"--",142,122,133,139,140,143,136,110,135,141,126,146,138,144,140,148,142,137,139,133
S Dakota St,SL,"20-12",+2,141,>>,154,140,130,136,136,152,122,177,130,169,122,173,166,134,134,145,157,163,123,156,132,115,119,131,129,136,"--",131,162,149,156,161,"--",136,144,142,133,117,151,163,112,161,126,111,158,145,146,162,127,135,162,126,169
Wofford,SC,"19-15",+6,142,>>,135,163,162,106,159,167,119,121,131,140,126,137,176,123,120,183,176,125,98,167,147,137,155,143,145,126,"--",187,182,125,158,83,"--",128,119,166,171,136,142,172,91,154,131,175,139,113,187,159,146,130,170,132,134
Bryant,AEC,"23-11",+14,143,>>,127,159,153,110,165,165,174,118,141,106,146,153,172,135,149,162,185,110,102,171,143,169,171,146,153,121,"--",139,179,132,151,79,"--",155,112,162,154,150,136,154,71,157,122,124,131,125,143,161,135,143,149,134,164
Tulane,AAC,"19-14",+10,144,>>,161,146,114,156,126,145,124,122,145,105,142,121,149,137,138,170,154,164,142,153,141,155,123,145,138,133,"--",174,153,146,163,167,"--",129,177,169,170,133,126,148,150,128,134,145,127,130,154,151,123,133,155,164,174
James Madison,SBC,"20-12",+2,145,>>,141,154,173,165,142,139,144,198,158,128,168,134,131,159,162,137,147,85,136,150,156,159,170,153,158,158,"--",146,139,160,128,70,"--",175,140,134,128,178,153,126,126,143,154,122,137,163,145,145,160,165,125,144,108
N Dakota St,SL,"21-11",,146,>>,151,142,148,143,164,147,130,228,136,181,130,150,162,144,133,136,158,155,125,161,139,121,134,150,122,152,"--",136,160,153,152,91,"--",140,137,137,130,122,154,157,128,162,159,125,174,140,151,163,145,141,154,135,151
Rhode Island,A10,"18-13",-12,147,>>,162,150,137,163,148,143,135,130,152,182,154,163,143,147,150,142,136,141,119,132,149,154,129,156,160,142,"--",156,139,157,146,142,"--",152,139,147,138,153,159,132,149,123,158,123,135,152,139,135,151,153,133,158,127
Winthrop,BSo,"23-11",-3,148,>>,126,135,181,155,153,138,188,150,163,108,164,145,130,154,163,131,145,100,134,154,154,149,169,151,169,150,"--",125,143,144,122,152,"--",161,147,132,135,164,145,123,148,153,163,138,156,154,127,133,159,161,124,133,136
New Mexico St,CUSA,"17-15",-10,149,>>,165,165,144,149,163,163,184,160,144,164,132,139,140,139,131,152,146,151,149,139,146,130,137,155,105,148,"--",173,145,139,149,109,"--",124,145,149,166,129,134,156,168,136,133,177,164,151,180,156,131,129,156,140,131
UC Santa Barbara,BWC,"21-13",+10,150,>>,158,136,155,162,151,153,110,171,140,146,139,135,144,151,147,156,137,173,163,146,150,132,144,144,147,156,"--",150,137,159,134,190,"--",145,168,146,155,146,152,147,159,145,151,146,157,150,171,149,138,148,143,148,160
NE Omaha,SL,"22-12",,151,>>,147,153,163,161,158,141,96,162,160,116,153,123,153,172,156,153,155,126,151,164,140,145,167,142,126,185,"--",138,157,156,145,165,"--",144,153,151,144,142,147,149,129,189,161,143,211,157,149,165,130,146,148,129,156
Murray St,MVC,"16-17",-3,152,>>,149,138,123,152,140,151,175,117,146,165,141,138,150,133,142,154,148,145,156,143,148,131,141,154,162,125,"--",210,147,145,153,194,"--",137,158,160,201,145,149,165,151,137,149,171,121,146,201,147,143,144,161,193,138
Loy Marymount,WCC,"17-15",-1,153,>>,168,143,141,191,133,135,134,141,162,176,161,156,138,156,155,146,126,167,166,131,159,161,133,147,148,155,"--",133,132,168,157,139,"--",150,184,141,142,148,156,144,210,140,148,161,169,167,161,143,134,157,146,150,153
UNC Greensboro,SC,"20-12",+2,154,>>,139,168,168,126,161,161,209,164,138,152,143,151,169,145,143,141,165,149,139,165,155,143,163,148,170,146,"--",147,166,141,154,202,"--",149,143,152,141,157,157,160,131,169,150,149,125,143,152,153,154,158,157,141,137
Davidson,A10,"17-16",-5,155,>>,174,169,122,160,135,156,187,134,153,179,151,165,158,138,148,178,151,180,159,142,151,158,131,157,142,134,"--",184,150,158,172,114,"--",147,151,163,180,147,148,158,155,125,139,151,130,139,164,150,149,145,159,183,157
Virginia Tech,ACC,"13-19",-12,156,>>,169,158,110,185,121,137,214,131,167,154,155,117,137,141,161,155,118,210,216,123,152,153,115,149,144,120,"--",185,129,151,171,217,"--",146,209,156,176,138,150,166,254,120,130,181,122,142,147,141,141,136,169,199,166
Duquesne,A10,"13-19",-2,157,>>,189,161,113,144,166,185,197,138,149,158,140,144,180,128,132,188,168,185,118,158,164,156,125,166,123,124,"--",257,179,150,200,61,"--",127,150,195,230,132,128,196,123,126,120,209,118,123,275,168,126,127,188,212,145
Princeton,Ivy,"19-11",+3,158,>>,153,156,203,184,141,142,244,196,166,132,184,157,139,170,178,120,149,97,176,160,157,171,189,162,206,160,"--",128,145,176,129,185,"--",199,171,136,129,187,161,125,158,164,162,128,132,147,125,146,180,181,126,146,118
WKU,CUSA,"17-15",-6,159,>>,172,141,174,179,155,157,163,203,159,192,156,186,134,158,159,160,141,142,145,137,160,150,153,152,159,159,"--",172,133,163,148,130,"--",169,152,140,150,163,163,140,164,142,171,154,198,166,174,158,170,160,142,168,132
UTEP,CUSA,"18-15",+3,160,>>,177,157,172,176,156,155,194,215,157,206,152,175,136,161,158,157,142,138,146,140,153,148,157,159,143,165,"--",177,139,167,141,127,"--",158,157,138,152,155,160,143,154,163,157,179,196,164,176,170,158,159,144,161,128
IL Chicago,MVC,"18-14",+3,161,>>,157,155,167,167,157,140,241,155,154,183,167,171,141,167,174,148,140,135,167,141,158,147,160,164,191,161,"--",166,137,175,140,183,"--",165,164,153,159,166,168,142,187,160,182,148,154,211,153,148,181,172,138,145,130
Radford,BSo,"20-13",+4,162,>>,143,175,198,148,176,159,146,173,161,172,163,174,157,166,152,161,161,132,168,162,165,174,186,172,154,178,"--",144,157,152,139,173,"--",170,134,155,153,170,165,150,133,175,174,163,176,175,142,152,156,167,152,143,155
ETSU,SC,"19-13",+2,163,>>,167,167,166,131,169,174,132,170,148,148,145,161,184,148,141,174,187,176,144,175,163,160,164,161,166,151,"--",182,191,148,173,205,"--",148,149,173,163,152,162,182,111,166,147,147,151,136,175,175,162,155,180,174,152
Cleveland St,HL,"21-12",-2,164,>>,152,162,175,159,168,168,126,191,174,161,170,184,159,169,168,149,163,159,180,163,167,163,175,167,173,172,"--",154,162,164,155,157,"--",167,146,158,151,165,155,153,130,165,166,160,170,172,157,154,177,171,151,152,150
Norfolk St,MEAC,"24-10",+3,165,>>,124,151,202,134,183,162,100,183,183,130,174,183,168,178,180,125,183,129,181,194,161,167,201,173,195,174,"--",115,182,154,143,203,"--",183,136,157,121,184,176,152,118,194,201,113,171,160,122,164,202,191,150,136,168
PFW,HL,"19-13",+3,166,>>,155,181,192,133,179,176,159,182,156,195,150,180,178,155,164,171,173,158,160,170,169,162,165,160,175,149,"--",168,176,155,162,162,"--",162,148,172,162,158,173,173,132,170,156,157,148,161,172,167,164,163,173,157,167
Central Conn,NEC,"25-7",-8,167,>>,133,145,194,147,199,172,167,192,168,138,189,181,165,186,183,103,178,150,164,186,179,194,208,163,194,191,"--",100,175,161,136,196,"--",195,124,143,117,199,175,137,107,199,202,108,167,170,113,155,198,203,136,137,183
Temple,AAC,"17-15",-10,168,>>,186,152,127,187,138,150,186,152,164,157,169,194,161,160,171,163,160,178,172,159,162,146,149,175,157,153,"--",191,157,177,176,200,"--",164,178,171,175,169,169,164,204,148,176,141,142,173,165,166,175,162,165,165,180
Marshall,SBC,"20-13",+1,169,>>,171,164,177,172,170,171,125,161,177,149,176,152,167,173,169,172,177,146,162,173,171,177,178,169,171,176,"--",176,171,165,166,121,"--",172,161,175,173,175,158,162,137,172,153,165,179,156,169,171,176,169,164,166,163
East Carolina,AAC,"19-14",-3,170,>>,191,147,159,202,147,149,203,167,176,141,177,149,152,171,176,164,153,182,173,157,168,179,159,165,182,167,"--",180,153,180,168,218,"--",173,187,159,172,171,164,151,201,141,152,162,159,185,156,157,179,166,153,169,162
Nicholls St,SLC,"20-13",,171,>>,160,172,213,164,188,177,206,184,171,185,171,185,171,176,173,169,179,144,191,188,189,170,181,171,168,179,"--",151,172,170,167,169,"--",168,165,161,148,167,170,167,163,184,197,184,180,178,162,173,182,179,168,149,165
Lamar,SLC,"20-13",+2,172,>>,156,183,200,170,196,178,154,187,169,163,165,147,164,182,166,177,181,136,169,197,183,182,180,158,174,202,"--",149,172,166,179,191,"--",166,169,165,165,168,167,161,161,186,190,187,214,187,160,177,189,174,171,147,187
Cal Baptist,WAC,"17-15",-1,173,>>,175,177,147,175,172,170,153,188,172,173,166,154,173,163,167,187,167,197,175,166,166,166,161,174,156,162,"--",194,165,172,184,170,"--",174,181,177,191,162,178,175,193,167,167,188,166,162,358,169,173,164,179,179,190
San Jose St,MWC,"15-19",+3,174,>>,201,166,146,192,162,164,211,153,175,184,162,155,160,174,165,158,150,216,210,148,172,173,142,170,152,180,"--",200,149,173,194,213,"--",160,204,180,212,149,166,183,228,159,165,221,181,202,179,174,172,151,190,197,194
UNC Asheville,BSo,"21-11",+1,175,>>,148,190,246,174,180,160,136,249,192,156,195,224,156,199,198,130,166,103,229,174,175,186,226,177,226,192,"--",127,162,181,132,198,"--",213,160,148,136,210,187,146,162,198,208,159,190,206,137,160,206,201,147,151,148
TAM C. Christi,SLC,"20-14",-3,176,>>,166,191,197,154,206,221,216,149,165,225,159,169,197,162,160,203,212,190,179,201,208,164,166,168,150,166,"--",169,199,169,207,155,"--",153,163,187,168,159,177,191,156,195,185,174,160,181,246,181,186,176,202,153,206
Appalachian St,SBC,"17-14",+2,177,>>,183,213,207,177,182,188,170,189,170,207,181,178,181,168,170,198,189,162,157,185,180,190,184,182,164,168,"--",188,182,184,188,97,"--",191,180,182,194,183,180,181,172,176,172,164,163,168,254,179,199,180,182,182,175
Seattle,WAC,"14-18",-3,178,>>,190,194,154,150,181,211,238,159,155,190,148,164,213,142,146,201,207,214,133,193,170,151,147,181,139,138,"--",241,212,162,225,166,"--",143,190,220,232,143,171,228,185,150,146,212,144,134,325,197,153,149,229,207,212
FGCU,ASUN,"18-14",-1,179,>>,180,174,185,169,192,180,138,205,173,189,172,219,183,177,172,194,188,193,178,183,178,176,177,176,165,181,"--",186,189,179,181,178,"--",171,183,183,181,177,186,186,179,183,187,170,178,176,248,184,178,184,184,175,176
Jacksonville,ASUN,"19-13",+1,180,>>,182,193,201,182,191,173,121,243,181,196,178,208,179,192,179,168,184,156,198,177,174,196,196,180,190,210,"--",152,182,182,164,176,"--",187,154,168,149,195,194,174,174,188,210,183,225,213,168,187,183,197,175,154,172
Youngstown St,HL,"21-13",+2,181,>>,170,170,188,188,178,175,141,238,190,143,194,191,174,198,202,180,174,179,193,180,181,185,205,179,213,190,"--",183,176,186,165,226,"--",201,173,174,182,196,174,170,184,182,186,155,188,207,178,176,194,199,172,178,182
Ohio,MAC,"16-16",-2,182,>>,185,186,178,186,190,202,201,202,179,219,188,187,182,184,200,181,192,170,131,191,201,180,187,183,186,170,"--",234,189,188,192,153,"--",193,186,185,226,188,181,185,160,168,173,195,152,165,216,180,161,189,185,221,161
Boston College,ACC,"12-19",-1,183,>>,215,173,150,234,145,166,231,176,202,204,193,158,170,175,184,184,144,259,250,152,177,172,148,204,172,164,"--",199,155,196,208,222,"--",177,247,190,185,176,191,193,271,134,178,205,161,183,166,172,163,170,195,208,203
Cal Poly,BWC,"16-19",+11,184,>>,194,171,176,199,203,179,177,163,180,175,173,133,175,202,181,173,164,181,183,172,173,165,176,178,178,221,"--",225,169,183,174,266,"--",163,220,194,215,174,190,203,217,190,184,229,236,209,188,188,157,178,193,213,177
Drexel,CAA,"18-15",+1,185,>>,187,188,170,173,186,199,166,137,185,155,187,188,204,181,187,218,204,199,177,200,176,184,197,184,185,177,"--",231,204,185,198,221,"--",184,176,204,222,190,172,195,152,202,181,169,175,171,274,190,190,183,192,202,197
Merrimack,MAAC,"18-15",-2,186,>>,178,182,186,171,216,200,137,175,182,171,197,212,195,190,188,209,208,143,153,202,185,225,212,193,199,193,"--",196,196,187,180,151,"--",198,162,200,206,201,179,184,141,206,189,185,201,177,355,182,192,194,183,176,181
Oakland,HL,"16-18",-2,187,>>,193,192,157,195,185,191,181,185,193,166,183,197,186,188,177,191,190,172,188,190,184,192,191,187,193,201,"--",216,192,189,189,159,"--",182,193,188,200,179,182,197,200,180,170,201,206,190,315,195,191,182,194,220,171
E Kentucky,ASUN,"18-14",+1,188,>>,192,179,191,168,195,187,147,241,187,200,182,210,193,197,182,199,197,187,200,195,186,200,198,190,177,211,"--",170,198,174,186,186,"--",180,175,186,178,192,193,192,181,207,207,191,224,198,181,199,174,196,199,172,201
Quinnipiac,MAAC,"20-13",+1,189,>>,176,185,219,183,213,196,176,212,191,159,213,237,194,215,213,208,215,118,158,221,190,237,234,191,211,212,"--",181,196,202,169,154,"--",222,172,178,198,213,183,178,144,200,183,158,202,188,183,186,219,208,178,162,195
S Illinois,MVC,"15-19",+1,190,>>,214,180,169,217,173,183,242,156,195,187,201,196,187,196,193,186,171,188,182,169,182,189,179,195,180,196,"--",254,169,204,197,158,"--",186,221,202,247,194,185,199,230,181,191,223,207,221,197,193,213,193,201,238,186
SE Missouri St,OVC,"21-12",+2,191,>>,164,187,212,166,229,201,171,216,188,188,198,179,202,214,204,197,225,153,161,218,203,201,215,186,197,220,"--",167,204,178,183,171,"--",197,179,191,188,202,195,188,147,244,204,207,243,215,324,185,184,210,186,163,198
Sam Houston St,CUSA,"13-19",-5,192,>>,220,222,210,197,193,206,305,231,178,197,175,195,190,179,175,204,186,207,207,178,194,178,190,196,155,183,"--",238,182,190,199,209,"--",181,185,210,220,185,188,219,223,179,169,235,205,192,323,214,168,177,218,229,178
Northeastern,CAA,"17-15",+3,193,>>,197,184,196,201,200,189,173,186,207,212,207,260,198,203,209,220,194,177,197,199,187,205,209,200,196,205,"--",220,194,200,185,223,"--",214,195,184,217,212,209,187,175,203,199,192,193,204,206,192,210,209,187,209,191
Toledo,MAC,"18-15",+12,194,>>,188,178,228,227,174,169,158,232,238,191,238,199,163,231,240,179,172,127,208,189,220,218,239,188,253,215,"--",178,166,217,159,174,"--",242,210,176,190,246,210,159,209,209,225,202,212,237,177,178,237,247,163,181,159
Vermont,AEC,"21-12",-7,195,>>,184,201,255,222,194,194,234,211,232,131,246,215,192,218,243,167,211,147,230,220,204,254,265,222,233,206,"--",159,199,215,177,163,"--",256,174,179,169,259,192,179,171,215,192,166,184,169,159,194,256,231,177,180,185
Queens NC,ASUN,"19-14",+1,196,>>,195,211,230,190,207,186,190,217,199,220,203,162,203,217,203,200,209,195,228,208,197,202,217,203,192,230,"--",171,204,191,190,193,"--",200,199,189,167,204,213,200,202,232,221,186,231,216,182,203,200,204,196,171,188
S Carolina St,MEAC,"20-13",+2,197,>>,163,217,211,146,255,241,133,174,196,194,185,198,234,189,190,229,258,224,206,247,192,181,211,185,188,186,"--",179,257,171,224,241,"--",179,170,219,179,181,197,225,145,246,205,193,197,184,328,216,188,188,227,184,223
Indiana St,MVC,"14-18",+3,198,>>,223,216,190,205,167,203,252,157,205,201,204,182,205,194,201,202,191,225,217,182,193,204,195,192,203,184,"--",242,192,198,213,232,"--",185,202,215,244,200,184,217,196,196,179,200,182,220,227,204,165,195,216,241,210
Elon,CAA,"17-15",+3,199,>>,200,200,189,178,221,205,165,179,184,257,190,275,223,201,197,214,216,205,170,205,188,203,202,189,228,203,"--",219,222,197,204,214,"--",207,182,207,202,205,215,207,173,205,213,182,208,203,278,201,220,205,206,198,208
South Florida,AAC,"13-19",-2,200,>>,227,196,179,221,175,204,225,190,189,232,202,204,209,183,195,222,199,229,215,198,211,197,174,201,202,175,"--",244,204,208,232,225,"--",190,232,222,236,193,200,216,240,174,180,210,147,195,194,211,195,187,224,239,207
Montana St,BSC,"15-18",+2,201,>>,207,223,182,181,205,219,192,166,186,230,179,159,243,185,186,244,227,244,192,209,195,175,183,213,187,187,"--",245,230,194,233,228,"--",188,189,230,239,182,217,247,189,204,198,213,172,180,209,221,171,186,244,244,239
Wyoming,MWC,"12-20",-8,202,>>,230,208,160,212,171,182,237,194,197,269,180,239,196,187,185,207,175,250,236,168,196,183,156,206,189,189,"--",211,166,192,229,244,"--",189,219,213,210,172,207,218,239,178,177,249,199,208,353,207,196,175,230,225,217
La Salle,A10,"14-19",+9,203,>>,222,189,156,235,184,184,261,178,214,208,222,203,185,211,222,176,170,191,212,176,198,211,193,209,209,200,"--",229,176,225,201,179,"--",212,236,211,208,223,214,194,241,187,218,225,165,233,289,183,226,212,189,228,173
Brown,Ivy,"14-13",+1,204,>>,208,239,278,204,214,222,262,219,215,186,217,201,212,207,208,192,217,192,189,215,200,235,221,208,201,208,"--",165,217,203,202,199,"--",226,194,203,174,217,198,202,178,213,209,196,191,194,170,202,211,207,200,206,189
SIUE,OVC,"22-11",+2,205,>>,179,199,245,189,217,210,208,206,216,178,221,200,208,228,217,193,230,184,204,226,219,220,236,194,218,236,"--",153,214,193,193,212,"--",216,188,208,183,228,199,190,166,256,232,178,240,222,185,196,204,232,191,170,225
Mt St Mary's,MAAC,"22-12",+27,206,>>,181,176,242,225,204,181,162,210,236,142,249,227,177,245,250,182,196,123,225,217,206,262,264,202,263,243,"--",160,182,218,160,231,"--",255,207,181,189,258,196,168,169,259,251,172,239,250,167,206,242,249,160,185,184
Portland St,BSC,"19-13",-15,207,>>,196,206,222,198,197,193,180,223,200,228,200,168,225,209,207,213,213,227,232,211,199,188,206,198,183,209,"--",190,217,209,211,239,"--",202,200,205,193,198,218,222,186,216,200,194,229,199,318,210,205,200,222,191,244
Valparaiso,MVC,"15-19",,208,>>,212,198,184,228,189,192,233,148,206,211,211,193,188,208,212,185,180,228,211,187,191,195,192,212,219,207,"--",255,179,212,206,246,"--",194,241,216,245,206,204,206,249,197,224,236,203,246,342,189,185,206,205,237,200
Texas St,SBC,"16-16",+1,209,>>,218,209,208,203,202,213,227,180,198,222,206,218,214,193,196,210,220,217,202,214,213,207,199,199,210,188,"--",233,217,206,222,234,"--",208,218,221,227,208,226,220,215,192,196,197,195,197,242,215,201,202,214,224,216
Longwood,BSo,"18-14",+1,210,>>,203,220,214,206,219,215,247,236,210,239,209,252,210,206,211,189,202,209,201,216,215,198,213,207,230,204,"--",192,204,213,196,211,"--",215,208,199,187,216,227,201,220,210,223,189,189,196,292,191,231,226,197,190,193
Dartmouth,Ivy,"14-14",-11,211,>>,202,240,244,196,240,233,317,172,209,215,208,214,235,210,205,227,232,204,174,232,210,224,214,215,176,213,"--",207,234,201,219,188,"--",196,211,214,221,189,189,226,205,211,206,224,187,189,211,198,169,190,223,219,219
American Univ,PL,"22-12",+13,212,>>,198,195,249,230,226,197,185,213,226,160,248,238,191,240,237,195,203,148,231,219,230,255,251,218,243,241,"--",163,195,223,182,184,"--",248,214,192,177,248,211,176,194,225,245,180,227,217,163,200,257,240,176,167,214
N Kentucky,HL,"17-16",+5,213,>>,216,226,218,237,210,209,183,214,229,174,226,190,199,235,234,206,200,208,226,207,222,212,218,210,250,233,"--",221,204,221,203,206,"--",217,225,209,213,221,202,205,224,212,195,211,234,205,202,217,222,222,204,210,192
Hampton,CAA,"17-16",,214,>>,209,218,216,216,248,217,205,193,212,205,219,217,217,224,215,205,221,186,194,223,212,213,222,216,204,234,"--",228,228,214,212,175,"--",210,203,218,211,211,201,212,190,234,215,222,222,200,285,218,203,213,209,214,202
Maine,AEC,"20-14",+9,215,>>,199,197,229,180,228,220,178,181,203,199,212,245,246,205,218,251,243,189,205,243,202,229,244,226,234,197,"--",204,244,205,210,227,"--",230,196,228,214,230,221,221,153,222,211,190,183,193,237,212,228,219,213,187,224
Miami FL,ACC,"7-24",+1,216,>>,241,212,131,218,177,257,276,158,225,214,186,176,224,164,192,300,198,287,234,184,209,221,145,205,184,144,"--",263,214,195,287,229,"--",176,269,267,256,180,208,251,282,152,168,286,119,155,300,223,187,173,272,271,251
SE Louisiana,SLC,"18-14",+2,217,>>,205,205,237,194,236,224,195,239,208,259,192,206,220,213,194,228,229,219,243,229,232,199,207,197,208,226,"--",195,226,199,215,258,"--",204,201,206,195,197,224,210,192,228,236,220,232,230,184,222,197,215,215,192,236
UT San Antonio,AAC,"12-19",-9,218,>>,240,214,180,220,218,226,269,197,201,260,196,192,228,195,191,248,224,220,184,210,205,191,182,225,181,199,"--",252,228,216,242,180,"--",178,223,233,246,186,212,239,227,191,193,245,186,210,339,228,166,185,236,242,227
Massachusetts,A10,"12-20",-15,219,>>,250,221,149,233,198,228,274,208,221,210,214,223,219,200,214,231,195,236,214,192,224,216,185,229,212,182,"--",276,212,228,237,208,"--",205,230,227,259,207,203,232,233,177,188,228,177,182,207,213,208,198,226,250,204
Hawaii,BWC,"15-16",,220,>>,243,229,239,252,201,208,202,245,223,231,216,221,189,230,224,196,169,240,209,179,221,206,194,211,231,237,"--",206,172,239,205,216,"--",223,231,198,199,222,234,189,231,193,228,199,256,236,195,208,217,220,203,231,199
Bucknell,PL,"18-15",,221,>>,206,203,199,213,254,239,149,199,213,202,227,240,226,221,225,255,236,201,203,237,225,248,224,224,214,219,"--",202,231,210,223,168,"--",218,212,217,224,219,205,208,182,217,219,198,215,186,261,219,232,224,207,195,243
William & Mary,CAA,"17-15",,222,>>,204,207,225,215,230,195,228,226,218,233,228,247,206,229,230,211,206,168,223,206,216,232,240,223,221,217,"--",215,199,220,195,160,"--",241,198,196,197,238,223,198,195,227,212,204,218,241,350,205,233,234,198,205,196
Seton Hall,BE,"7-25",-8,223,>>,258,204,136,238,139,207,294,165,211,243,199,177,238,180,206,302,193,293,264,181,207,187,151,219,217,157,"--",253,204,222,281,267,"--",203,270,250,254,173,206,259,302,171,175,259,150,191,326,227,209,168,261,223,240
Rice,AAC,"13-19",-8,224,>>,269,233,164,226,215,242,217,227,204,284,191,233,241,191,189,262,237,271,196,225,217,208,173,220,179,195,"--",261,244,229,269,224,"--",192,205,232,248,191,228,236,222,201,194,218,194,179,221,248,193,192,235,263,281
Southern Univ,SWAC,"20-12",-12,225,>>,173,224,265,193,241,218,140,235,224,237,229,249,215,233,233,175,248,212,263,257,233,209,249,244,215,227,"--",141,236,207,216,277,"--",235,197,193,157,235,241,204,206,231,253,208,220,227,186,220,270,241,217,159,228
South Dakota,SL,"19-14",+1,226,>>,224,230,247,249,224,190,193,266,233,213,235,189,211,247,241,224,201,223,240,222,218,214,232,214,237,248,"--",189,199,241,209,284,"--",225,239,201,186,225,238,211,245,255,239,217,257,242,220,226,248,235,210,188,220
Abilene Chr,WAC,"16-16",-1,227,>>,236,243,260,231,208,212,275,240,228,203,224,211,222,223,219,216,223,243,256,212,214,219,233,236,200,224,"--",217,217,224,228,220,"--",233,206,224,205,229,233,230,229,219,230,237,244,212,249,237,239,214,232,227,238
Pepperdine,WCC,"13-22",+1,228,>>,247,210,183,253,187,225,221,168,227,224,223,226,218,227,216,223,205,260,247,203,226,217,188,217,198,232,"--",239,204,233,261,201,"--",206,262,252,251,209,222,238,279,214,229,247,238,249,316,229,212,216,248,232,254
UC Davis,BWC,"15-17",-1,229,>>,235,215,250,257,212,198,218,270,237,236,236,207,201,242,246,190,182,196,246,196,235,230,238,230,244,242,"--",218,182,246,191,240,"--",247,226,197,203,243,249,209,234,240,238,227,259,262,234,224,244,236,208,236,205
Hofstra,CAA,"15-18",+2,230,>>,231,219,220,208,209,237,286,154,217,273,215,248,254,204,220,234,241,241,227,235,228,231,216,231,227,194,"--",270,248,230,239,207,"--",221,217,237,269,220,232,246,219,220,203,215,204,201,286,234,235,217,239,253,250
Wright St,HL,"15-18",+3,231,>>,239,228,205,219,233,249,210,230,220,262,220,228,242,225,223,217,233,235,224,227,237,215,220,232,220,223,"--",271,236,231,235,195,"--",228,215,236,252,227,237,240,208,218,214,226,216,225,352,236,215,229,234,251,218
Marist,MAAC,"20-10",-1,232,>>,210,202,269,254,235,214,155,280,246,229,268,287,207,263,271,165,218,183,244,234,234,271,276,233,284,254,"--",155,199,253,178,255,"--",280,222,170,184,273,244,177,212,247,264,150,263,261,173,209,296,268,174,196,211
Delaware,CAA,"16-20",+11,233,>>,238,225,209,229,223,236,236,209,235,223,233,229,247,236,232,212,239,200,186,241,223,242,237,237,235,231,"--",301,241,235,230,164,"--",229,224,249,281,233,219,235,214,235,227,253,228,224,191,238,227,228,231,262,213
Idaho St,BSC,"15-15",-11,234,>>,226,253,238,207,231,238,222,201,194,256,205,205,259,216,210,253,245,275,221,238,227,193,200,227,205,222,"--",214,248,226,251,296,"--",209,233,242,231,203,246,264,226,226,226,234,233,234,235,241,238,211,264,222,275
Fordham,A10,"12-21",+8,235,>>,261,234,193,248,211,229,250,200,239,250,239,253,227,226,229,247,210,233,239,204,229,234,203,239,216,214,"--",282,224,242,240,192,"--",224,256,240,261,231,230,237,236,185,222,251,213,219,281,225,218,227,233,257,209
C Michigan,MAC,"14-17",-1,236,>>,233,251,227,200,252,262,254,242,219,275,210,172,233,212,199,221,254,254,218,236,238,228,210,235,222,218,"--",223,248,211,255,245,"--",211,228,245,233,218,239,255,216,208,216,270,221,223,266,243,207,218,254,235,246
Northwestern LA,SLC,"17-16",,237,>>,221,238,248,243,250,227,215,229,230,216,225,232,200,246,228,215,222,213,241,230,249,239,223,221,225,265,"--",193,217,234,218,257,"--",231,229,212,196,224,235,214,242,243,260,239,279,272,314,230,236,246,220,215,229
Ark Little Rock,OVC,"19-14",-2,238,>>,217,227,223,209,245,234,151,292,234,235,230,222,248,239,227,249,253,215,233,249,243,236,248,238,254,246,"--",198,232,219,217,210,"--",237,216,226,219,241,240,224,211,254,250,203,249,254,256,232,221,254,221,194,237
Manhattan,MAAC,"17-13",-9,239,>>,219,235,256,232,261,244,204,207,243,209,244,259,230,248,236,230,242,206,190,254,231,269,255,228,259,257,"--",197,234,236,214,238,"--",245,213,229,218,242,220,215,199,253,244,219,264,244,295,231,224,245,211,201,242
Campbell,CAA,"15-17",-1,240,>>,228,249,232,211,246,251,232,221,222,254,218,263,257,220,221,256,255,253,220,251,236,227,227,241,223,225,"--",249,256,232,245,242,"--",220,234,239,260,214,231,252,232,229,237,233,217,231,263,240,243,221,252,247,259
Ga Southern,SBC,"17-16",,241,>>,248,232,253,270,234,216,207,251,255,221,260,250,216,253,251,233,226,218,255,233,240,250,258,246,249,259,"--",227,214,254,220,219,"--",254,255,225,216,261,242,213,250,236,247,216,255,238,229,235,260,255,212,218,215
Richmond,A10,"10-22",-2,242,>>,280,256,204,261,222,260,281,222,253,240,243,213,252,234,238,293,234,234,235,228,247,251,219,245,224,228,"--",299,239,252,267,103,"--",238,258,258,288,236,225,256,265,223,220,282,223,226,224,254,214,225,260,285,221
MA Lowell,AEC,"17-15",+3,243,>>,234,266,257,210,259,266,291,204,242,272,242,264,267,219,244,265,262,245,195,252,252,266,256,247,264,198,"--",224,264,238,249,177,"--",266,192,246,235,260,253,249,177,237,217,206,192,214,293,233,249,238,240,211,248
Iona,MAAC,"17-17",+8,244,>>,237,231,233,255,242,247,198,233,252,167,263,243,240,259,258,254,250,211,219,256,244,274,273,243,242,252,"--",277,244,248,227,189,"--",263,242,244,284,262,216,229,225,258,234,230,251,229,238,247,240,252,225,249,234
Harvard,Ivy,"12-15",,245,>>,245,268,290,265,244,243,277,247,256,180,257,272,237,254,255,245,235,194,238,253,241,264,260,249,238,255,"--",212,236,257,226,215,"--",258,238,234,204,254,229,233,237,242,249,240,246,232,205,244,225,248,228,260,222
CS Bakersfield,BWC,"14-19",-4,246,>>,249,247,240,256,243,240,229,244,244,253,237,202,229,241,239,225,214,247,251,224,245,210,231,234,255,249,"--",272,222,249,231,270,"--",234,251,235,253,239,257,244,263,238,246,242,254,260,362,239,254,242,242,261,235
UT Arlington,WAC,"13-18",-9,247,>>,267,261,234,244,227,246,249,246,231,234,232,246,256,222,226,266,238,283,258,239,239,226,228,253,239,216,"--",267,244,244,258,286,"--",236,240,256,255,232,250,265,258,221,231,214,210,228,222,258,251,223,269,255,271
Northern Arizona,BSC,"18-15",-1,248,>>,244,260,259,236,238,232,223,250,248,258,241,216,258,244,247,270,247,270,261,248,242,223,242,242,247,244,"--",235,241,243,246,303,"--",240,254,247,237,234,263,257,246,251,252,232,248,247,313,250,234,243,255,217,277
Evansville,MVC,"11-21",-1,249,>>,268,242,224,266,237,230,257,225,257,246,252,255,232,252,262,274,219,257,265,213,251,241,241,252,261,250,"--",297,224,256,241,249,"--",243,253,243,291,245,248,250,269,248,248,267,269,276,244,242,229,244,247,275,233
UTRGV,SLC,"16-15",-1,250,>>,246,262,288,245,284,267,240,265,251,291,245,256,250,251,242,240,257,258,253,259,275,240,243,251,236,263,"--",201,248,251,252,230,"--",249,248,241,192,251,269,241,238,249,274,258,261,278,230,249,241,266,245,216,241
Tennessee St,OVC,"17-16",+4,251,>>,232,264,231,223,279,275,213,254,250,241,254,209,271,258,252,278,286,246,185,275,265,243,266,258,232,256,"--",256,278,240,259,172,"--",252,237,264,257,255,243,266,218,283,258,252,267,252,337,255,223,261,259,234,264
Jackson St,SWAC,"16-18",+13,252,>>,211,245,264,214,277,256,152,268,264,217,255,261,236,260,249,236,281,203,289,283,260,247,281,262,257,271,"--",208,270,227,243,251,"--",261,235,248,209,263,261,234,213,275,267,280,286,259,288,272,272,260,249,233,232
Presbyterian,BSo,"14-18",-2,253,>>,229,254,263,224,265,264,248,224,240,264,240,230,260,237,231,241,260,261,257,258,248,238,247,250,256,239,"--",281,261,237,248,315,"--",232,245,257,276,237,254,268,247,257,255,260,226,255,320,245,245,239,268,272,258
Monmouth NJ,CAA,"13-20",-4,254,>>,242,236,221,258,239,235,235,218,258,193,259,236,251,261,267,264,252,230,294,255,246,260,267,240,260,251,"--",287,254,261,238,281,"--",259,246,254,270,256,236,248,255,276,243,256,242,253,302,257,261,251,250,273,252
E Michigan,MAC,"16-16",-1,255,>>,254,244,267,290,256,223,219,261,268,226,278,235,221,284,281,226,228,222,269,244,257,261,279,255,271,290,"--",247,226,269,221,264,"--",274,257,223,242,280,259,223,251,266,271,254,281,280,277,246,265,275,219,248,226
Georgia St,SBC,"14-19",,256,>>,265,259,272,275,249,253,224,248,265,242,269,234,245,262,266,246,244,249,270,250,254,267,257,257,246,253,"--",264,239,260,253,235,"--",260,264,255,258,265,255,242,260,252,257,264,252,239,284,252,258,256,243,258,249
Tulsa,AAC,"13-20",+4,257,>>,293,246,215,296,225,248,243,255,271,227,267,241,253,257,268,242,240,294,272,242,256,244,235,261,240,245,"--",294,248,270,277,250,"--",246,282,277,279,253,251,263,296,230,241,257,235,243,218,262,247,250,262,278,262
Siena,MAAC,"14-18",-5,258,>>,253,248,235,240,288,269,212,258,259,287,250,291,265,255,253,257,264,226,199,263,253,296,254,254,270,258,"--",289,266,250,247,197,"--",257,227,253,298,249,247,254,197,260,254,250,278,235,327,251,262,257,246,281,247
North Florida,ASUN,"15-17",-1,259,>>,252,237,258,246,260,245,220,295,262,283,256,299,249,269,259,219,246,237,297,246,259,252,269,266,265,274,"--",226,241,255,234,256,"--",264,244,238,234,276,279,243,244,265,280,238,280,286,311,253,263,276,241,246,231
Missouri St,MVC,"9-23",-3,260,>>,297,263,195,263,232,268,284,220,245,300,234,225,282,238,245,311,249,309,237,231,250,222,204,260,207,235,"--",328,254,263,294,247,"--",219,268,289,308,226,252,294,278,224,233,289,237,269,334,271,216,230,293,317,269
Missouri KC,SL,"13-20",-2,261,>>,263,287,226,239,264,289,263,237,241,305,231,244,303,232,235,283,287,307,242,271,255,233,230,256,229,229,"--",302,297,258,305,252,"--",227,259,293,292,215,265,309,256,268,235,281,209,240,208,274,230,233,304,276,284
Alabama St,SWAC,"19-15",+10,262,>>,213,241,282,250,278,252,182,253,274,198,276,271,239,274,273,235,276,238,299,294,264,258,282,265,274,279,"--",203,266,247,244,322,"--",271,284,251,229,275,275,231,277,282,288,241,275,264,252,263,298,283,238,200,256
Colgate,PL,"14-19",-1,263,>>,262,257,236,247,266,282,270,260,247,270,258,292,280,249,260,258,277,251,213,273,272,279,259,267,272,240,"--",300,283,262,265,233,"--",262,252,274,294,257,245,277,235,239,240,243,230,218,269,265,264,258,267,274,280
Incarnate Word,SLC,"17-16",-4,264,>>,251,276,286,241,287,276,309,274,249,267,247,262,269,250,248,263,273,278,260,269,279,245,246,248,245,261,"--",237,270,245,273,273,"--",244,249,262,228,240,262,261,253,272,268,271,258,271,361,261,252,262,270,226,257
Charlotte,AAC,"11-22",+1,265,>>,295,255,217,283,220,258,265,234,267,265,253,269,261,243,257,296,251,292,248,245,258,256,225,259,262,238,"--",320,257,268,286,278,"--",239,280,272,304,244,258,274,288,233,242,274,219,248,307,266,268,237,277,302,276
Sacred Heart,MAAC,"15-18",+1,266,>>,260,258,261,242,285,277,256,257,254,252,264,278,278,266,263,261,282,239,222,276,261,292,277,264,248,266,"--",290,282,259,254,187,"--",268,243,260,290,266,256,270,221,271,259,263,265,251,322,267,253,263,257,277,261
SUNY Albany,AEC,"17-16",-4,267,>>,264,267,274,259,281,265,259,252,263,249,273,282,273,267,270,271,271,252,262,270,263,290,286,271,276,262,"--",258,275,265,250,253,"--",279,250,261,267,278,270,262,243,262,262,231,245,257,247,260,274,270,253,243,272
"Bethune-Cookman",SWAC,"17-16",-4,268,>>,225,250,268,268,276,231,189,302,277,218,279,290,231,290,288,239,265,231,322,286,267,257,294,273,296,284,"--",205,257,264,236,331,"--",291,266,231,207,289,288,227,275,295,314,244,287,293,259,256,305,298,237,204,255
Mercer,SC,"14-19",-1,269,>>,256,283,279,251,253,261,251,263,261,274,261,305,276,256,261,232,270,268,273,266,262,246,274,263,277,247,"--",288,275,267,262,317,"--",269,261,271,262,268,271,279,259,270,261,262,247,265,298,259,277,265,274,288,230
Portland,WCC,"12-20",-1,270,>>,292,252,243,317,257,250,280,278,288,244,286,231,244,282,269,260,231,281,316,240,268,272,253,279,251,294,"--",246,232,280,279,259,"--",265,298,259,243,271,260,253,294,245,263,291,310,284,317,269,259,272,266,264,265
Idaho,BSC,"14-19",,271,>>,271,269,271,278,262,254,246,269,269,279,265,254,272,276,276,252,261,276,266,264,266,249,261,272,252,277,"--",284,261,278,266,260,"--",272,276,269,282,264,287,283,300,267,273,276,285,285,196,273,285,267,282,270,282
Gardner Webb,BSo,"11-20",-2,272,>>,266,279,275,260,268,272,260,279,266,292,262,294,270,264,264,295,268,256,245,268,269,265,268,270,268,260,"--",295,269,266,260,243,"--",267,267,270,286,269,278,271,268,274,276,272,266,277,283,268,275,271,276,287,260
Austin Peay,ASUN,"14-19",+1,273,>>,275,265,287,271,263,263,230,311,282,278,274,265,268,278,274,238,269,262,287,265,277,278,280,289,283,286,"--",268,270,272,257,289,"--",273,260,265,265,279,286,272,267,288,287,277,290,283,257,279,279,278,271,265,267
SF Austin,SLC,"14-17",+1,274,>>,277,271,304,284,274,279,298,315,273,281,271,293,262,273,278,250,263,255,271,267,286,263,271,269,286,267,"--",240,261,273,272,291,"--",281,271,263,249,272,272,258,272,263,275,273,277,274,332,276,295,280,265,256,266
Ball St,MAC,"14-17",+2,275,>>,285,294,283,282,267,283,310,281,276,288,275,279,277,272,275,259,275,302,254,272,278,268,263,275,273,269,"--",275,266,274,290,283,"--",270,296,288,274,270,268,286,287,250,277,269,260,258,258,280,282,269,283,282,288
Old Dominion,SBC,"15-20",,276,>>,291,275,270,310,251,259,304,283,293,248,294,220,255,285,284,237,256,266,283,260,281,291,287,280,293,287,"--",307,248,287,263,285,"--",283,288,273,301,287,267,260,290,269,270,288,288,279,231,270,292,277,256,284,253
Florida Intl,CUSA,"10-23",+4,277,>>,304,293,252,287,272,287,296,264,260,289,251,242,274,265,254,308,266,313,267,262,276,259,245,268,266,272,"--",333,270,279,296,311,"--",253,281,296,316,250,266,295,295,241,256,303,292,268,280,289,246,253,296,327,270
Columbia,Ivy,"12-15",+1,278,>>,287,300,309,277,295,286,336,309,272,311,283,314,287,275,277,272,274,291,278,279,271,277,278,286,299,273,"--",222,275,284,271,295,"--",299,277,276,225,297,307,275,291,264,284,246,241,270,214,264,276,294,263,269,268
North Dakota,SL,"12-21",-1,279,>>,290,280,241,280,273,281,282,318,275,295,266,270,290,271,265,292,279,296,268,282,270,253,252,285,241,278,"--",308,286,276,298,279,"--",251,304,286,296,252,281,300,310,280,269,297,283,290,210,294,255,264,297,293,285
Navy,PL,"15-19",-7,280,>>,273,272,254,267,292,295,278,262,270,245,277,268,293,270,272,289,296,274,259,292,292,309,288,278,287,270,"--",313,302,275,282,293,"--",276,263,297,328,274,264,292,248,277,266,268,253,245,305,283,289,274,288,300,313
Bowling Green,MAC,"14-18",-1,281,>>,284,277,277,293,275,284,258,276,289,261,290,251,275,292,290,268,283,297,274,284,283,286,284,274,275,285,"--",285,278,289,293,290,"--",286,293,280,295,294,274,281,289,286,282,279,284,295,215,284,267,292,286,291,296
Boston Univ,PL,"16-16",+3,282,>>,278,281,300,294,294,285,264,293,290,271,302,288,283,294,305,288,284,265,280,288,295,313,303,283,317,288,"--",259,286,288,270,271,"--",308,278,275,278,305,284,267,280,281,289,248,276,273,203,275,312,300,258,266,308
W Michigan,MAC,"12-20",,283,>>,286,274,266,300,286,278,267,272,279,263,295,267,266,298,293,280,272,269,288,274,282,285,285,281,281,300,"--",298,270,295,285,263,"--",282,294,294,299,291,276,280,298,284,286,296,305,306,348,281,281,293,279,283,274
Tarleton St,WAC,"12-20",-2,284,>>,300,302,298,299,247,255,300,307,302,247,287,258,264,286,286,286,259,295,327,261,273,287,293,291,285,289,"--",273,257,285,275,294,"--",301,283,266,250,285,282,282,306,278,272,293,294,281,335,290,294,273,289,290,278
LIU Brooklyn,NEC,"17-16",+2,285,>>,257,273,291,269,307,301,306,259,280,266,293,257,294,288,285,290,305,282,276,302,294,298,302,282,280,293,"--",243,297,271,280,292,"--",292,272,278,283,293,280,278,262,303,298,265,291,288,364,278,273,301,280,240,301
St Peter's,MAAC,"12-16",+2,286,>>,279,301,303,272,283,291,308,256,286,255,285,318,298,277,298,306,295,277,279,296,280,302,300,284,295,264,"--",265,299,292,274,280,"--",298,275,279,264,296,283,291,257,292,281,261,262,275,331,286,297,287,284,303,292
Fresno St,MWC,"6-26",-3,287,>>,317,285,206,309,258,298,313,267,278,316,270,273,288,268,256,330,290,327,314,278,274,280,229,277,258,275,"--",315,283,290,330,297,"--",250,319,312,314,247,273,305,331,287,265,324,274,289,225,314,250,259,328,313,287
TX Southern,SWAC,"15-17",-2,288,>>,274,297,306,264,298,309,226,285,285,282,280,303,300,279,280,281,324,300,313,323,291,273,296,293,282,281,"--",232,318,277,315,326,"--",275,274,303,241,281,291,293,281,304,290,278,282,267,340,316,291,282,310,252,294
VMI,SC,"15-19",+1,289,>>,283,289,307,274,293,270,292,288,298,277,291,280,291,300,287,243,289,290,306,285,289,281,307,297,311,310,"--",291,293,283,284,298,"--",294,265,283,266,304,292,290,261,299,297,311,325,301,343,287,317,297,291,280,245
St Francis PA,NEC,"16-17",+15,290,>>,255,288,327,281,301,290,273,287,297,251,308,289,281,313,311,269,300,232,286,304,303,306,323,296,301,316,"--",236,290,281,264,269,"--",316,295,291,263,315,294,269,266,313,326,301,307,300,330,282,306,315,273,254,273
Penn,Ivy,"8-19",,291,>>,310,321,310,301,290,308,297,296,304,286,298,286,299,287,291,323,291,285,281,287,287,311,298,309,303,282,"--",274,294,301,302,262,"--",295,285,301,272,295,277,296,283,273,279,302,271,256,219,295,288,281,295,309,279
Army,PL,"16-15",+2,292,>>,281,284,328,313,300,280,321,320,307,296,322,337,279,321,324,277,280,242,295,289,310,317,321,287,312,312,"--",230,278,311,256,237,"--",330,287,268,240,329,301,245,276,302,313,266,301,310,245,277,334,323,251,245,286
Houston Chr,SLC,"12-20",-4,293,>>,301,299,297,285,311,307,295,284,287,328,272,309,295,289,279,307,294,303,292,290,302,283,272,276,267,301,"--",292,299,294,308,268,"--",277,279,299,289,267,293,297,286,297,295,315,319,303,287,299,287,284,302,286,300
Lafayette,PL,"13-20",+1,294,>>,303,290,273,276,314,314,301,273,283,312,288,316,311,281,289,312,309,310,252,301,306,321,292,292,294,280,"--",323,313,293,307,261,"--",290,273,308,326,290,290,312,252,293,278,295,272,266,240,297,271,286,303,314,328
Louisiana,SBC,"12-21",+1,295,>>,315,278,280,334,270,271,272,319,320,268,323,276,263,310,316,275,267,264,300,280,298,301,301,301,305,305,"--",312,264,321,291,236,"--",317,317,282,309,316,289,273,314,289,309,304,298,304,236,291,311,306,275,301,263
Rider,MAAC,"14-19",+1,296,>>,289,282,294,311,282,274,253,286,314,238,309,312,284,304,313,273,288,267,321,297,284,323,314,288,307,298,"--",293,286,305,268,309,"--",311,297,287,317,311,285,284,293,309,293,275,300,298,321,293,321,304,278,292,298
TN Martin,OVC,"14-19",+1,297,>>,276,304,289,262,302,311,271,300,291,301,289,277,314,295,292,276,315,286,249,314,308,282,306,302,288,295,"--",304,315,282,300,248,"--",288,289,307,315,299,297,313,270,308,292,294,293,308,336,296,266,305,305,295,306
Tennessee Tech,OVC,"15-17",+1,298,>>,288,295,293,295,304,294,245,332,292,302,301,302,297,312,304,297,301,288,298,300,299,294,305,294,290,317,"--",260,290,300,283,275,"--",304,299,292,277,306,298,287,284,311,307,284,326,307,338,292,284,311,287,267,299
Delaware St,MEAC,"16-14",-7,299,>>,259,311,341,288,315,306,283,294,305,285,307,331,301,305,307,282,308,301,312,319,290,270,315,290,313,299,"--",213,306,296,295,350,"--",305,300,284,223,307,299,288,309,318,325,255,289,305,271,288,302,313,290,230,293
Weber St,BSC,"12-22",,300,>>,294,306,296,291,271,293,287,271,301,309,284,266,315,280,300,313,302,315,282,293,296,275,283,299,291,268,"--",326,305,302,313,306,"--",293,308,314,327,288,309,319,305,298,291,305,250,291,345,302,283,285,322,311,318
Pacific,WCC,"9-24",,301,>>,322,270,251,316,296,303,311,282,295,324,292,301,292,296,283,318,285,329,328,281,293,284,250,304,279,302,"--",310,283,297,327,318,"--",278,330,319,311,277,295,310,330,261,301,329,316,325,226,307,269,288,317,297,309
Southern Utah,WAC,"12-19",-9,302,>>,316,312,314,315,269,273,288,321,306,320,303,297,289,297,295,298,278,318,332,277,285,289,299,315,325,297,"--",278,278,299,301,305,"--",318,301,281,268,313,321,298,317,291,315,292,306,309,223,301,327,303,301,298,304
Lehigh,PL,"11-19",-1,303,>>,305,317,308,273,324,321,338,289,281,330,281,307,326,283,282,324,316,304,277,311,312,326,295,310,300,283,"--",296,326,286,309,272,"--",285,290,315,313,284,296,318,264,279,283,307,270,263,290,309,290,279,313,304,330
Southern Miss,SBC,"11-22",+3,304,>>,325,305,285,319,289,297,285,314,299,323,297,295,304,299,297,309,293,311,284,291,304,303,290,295,306,296,"--",327,294,318,304,287,"--",302,310,311,321,302,300,308,307,290,294,314,296,287,329,310,315,295,306,325,297
E Washington,BSC,"10-22",-1,305,>>,313,323,276,304,280,299,299,327,284,318,282,285,313,293,294,326,297,330,307,295,297,276,275,303,278,292,"--",325,302,308,316,329,"--",289,324,313,307,283,315,326,332,296,296,309,308,321,243,313,278,290,323,321,315
Charleston So,BSo,"10-22",,306,>>,296,298,295,318,310,300,302,330,294,304,306,310,296,302,302,315,292,289,317,299,300,297,304,305,308,303,"--",317,289,313,292,312,"--",300,315,300,302,300,305,303,320,306,304,322,297,318,267,300,309,307,308,315,283
Florida A&M,SWAC,"14-17",-4,307,>>,270,291,334,286,316,302,239,306,321,299,325,320,285,325,317,267,319,279,338,327,307,293,328,312,326,328,"--",209,313,291,306,314,"--",322,291,290,238,323,320,276,297,332,330,318,329,316,192,312,324,325,298,259,290
UMBC,AEC,"13-19",,308,>>,307,314,312,279,317,322,329,277,296,319,300,326,325,291,299,294,317,306,275,309,305,319,308,320,318,276,"--",305,322,298,318,265,"--",309,286,316,318,308,302,315,274,294,306,287,273,282,296,305,303,302,309,308,302
Lindenwood,OVC,"16-17",+1,309,>>,272,286,317,307,312,288,268,324,313,280,329,283,286,331,326,285,299,272,305,305,311,307,327,308,319,329,"--",250,290,303,276,304,"--",325,318,285,273,325,316,285,313,323,321,310,332,333,356,285,314,332,281,268,295
Binghamton,AEC,"15-17",-1,310,>>,306,326,333,302,306,296,348,301,311,293,315,300,307,316,318,287,306,280,290,307,313,327,329,306,316,309,"--",280,307,309,288,300,"--",323,292,298,285,320,304,302,285,310,303,283,309,299,260,306,326,308,294,296,307
Morehead St,OVC,"15-17",,311,>>,298,296,320,314,291,292,266,349,317,306,328,319,302,323,327,279,304,263,308,306,320,312,332,327,321,321,"--",262,294,316,278,254,"--",335,313,295,287,330,318,289,303,314,324,285,312,328,303,298,316,330,285,279,289
Denver,SL,"11-21",,312,>>,327,313,284,328,297,305,314,326,300,315,299,284,309,317,309,316,298,323,301,303,288,288,297,300,269,325,"--",318,299,325,314,301,"--",284,329,309,310,282,308,321,321,315,302,320,334,317,272,323,286,299,321,319,305
F Dickinson,NEC,"13-20",+2,313,>>,299,316,305,289,329,331,343,275,303,310,311,306,327,309,308,310,332,317,311,326,328,315,312,311,304,308,"--",309,328,304,317,335,"--",307,309,323,320,303,306,323,301,322,312,319,295,297,213,319,299,314,319,310,327
Holy Cross,PL,"13-19",+2,314,>>,312,308,321,306,326,310,351,322,310,342,318,330,316,320,320,304,307,284,291,310,319,328,317,318,329,318,"--",306,312,315,297,302,"--",321,305,304,312,317,326,306,292,307,319,308,315,311,204,304,323,321,300,307,310
Loyola MD,PL,"12-19",+2,315,>>,319,320,311,303,327,316,312,290,308,327,310,322,323,308,306,319,312,314,296,315,316,325,311,316,310,311,"--",311,322,312,311,299,"--",313,302,317,319,312,314,317,299,300,305,313,302,292,294,315,307,309,312,323,333
Howard,MEAC,"12-20",-2,316,>>,326,325,316,324,339,338,293,337,316,329,313,344,320,314,312,320,331,308,285,337,301,304,313,298,302,307,"--",266,338,328,333,276,"--",310,306,310,280,314,319,311,311,325,327,300,314,294,190,333,293,318,311,320,338
Stonehill,NEC,"15-17",+2,317,>>,302,307,331,312,334,312,324,328,312,326,321,315,308,326,322,284,311,312,309,318,325,316,325,317,328,331,"--",269,307,317,299,310,"--",333,307,305,297,328,329,299,304,321,329,299,330,319,228,308,318,331,299,289,317
NC Central,MEAC,"14-19",,318,>>,282,309,330,297,322,324,289,325,319,298,316,335,322,307,323,291,330,319,310,330,317,295,324,307,320,291,"--",303,332,310,319,324,"--",314,311,320,324,321,322,314,308,329,323,306,268,313,306,303,319,322,316,299,323
Niagara,MAAC,"11-20",+1,319,>>,324,318,326,308,323,320,319,304,322,313,317,324,318,318,321,325,320,298,293,320,321,335,322,313,327,314,"--",319,325,320,310,288,"--",320,303,322,330,318,303,316,273,320,299,316,299,312,239,320,310,312,314,324,314
Fairfield,MAAC,"12-20",-7,320,>>,320,315,323,331,305,304,320,305,327,276,335,333,305,329,333,305,303,273,303,312,322,343,337,326,335,323,"--",324,304,331,289,274,"--",337,316,302,322,334,312,301,324,317,320,298,303,324,279,311,330,327,292,326,291
Air Force,MWC,"4-28",+1,321,>>,331,292,281,332,303,326,325,310,323,336,304,329,312,303,310,340,323,328,323,328,309,329,262,314,289,304,"--",340,309,319,344,282,"--",306,334,334,338,286,311,325,334,285,285,343,304,302,250,331,322,296,334,344,312
E Illinois,OVC,"12-19",-1,322,>>,309,322,322,298,319,315,342,299,318,290,319,274,319,322,315,314,321,316,319,317,318,318,320,323,315,327,"--",286,320,306,312,327,"--",319,314,321,300,319,317,320,312,326,322,325,321,323,276,317,304,320,315,318,322
Long Beach St,BWC,"7-25",,323,>>,332,324,292,323,299,328,333,308,326,331,305,281,321,306,303,335,310,320,329,298,315,308,289,325,309,315,"--",334,309,322,332,321,"--",296,321,330,333,301,313,329,323,319,310,326,324,329,232,330,300,289,333,332,324
IUPUI,HL,"10-22",,324,>>,323,332,302,305,340,330,303,297,315,325,312,298,329,319,314,328,328,326,302,321,323,299,310,319,314,322,"--",331,328,314,325,307,"--",303,320,329,323,310,324,334,319,312,308,334,335,334,198,322,301,316,332,328,316
San Diego,WCC,"6-27",,325,>>,340,310,262,337,308,336,337,303,324,322,314,304,328,311,296,341,318,349,324,308,324,339,270,328,292,319,"--",345,320,330,345,316,"--",287,336,337,344,298,310,332,338,301,311,333,322,327,233,334,280,310,339,336,341
Utah Tech,WAC,"7-26",+1,326,>>,333,330,299,321,309,329,340,313,309,338,296,296,336,301,301,342,329,343,315,313,314,314,291,321,298,306,"--",350,326,323,334,320,"--",297,327,335,342,292,325,341,329,305,300,338,318,296,363,335,313,291,340,338,335
Alcorn St,SWAC,"11-21",-1,327,>>,318,319,329,320,331,325,255,333,330,297,327,328,306,328,325,321,338,305,347,346,326,300,336,324,322,335,"--",279,333,324,331,354,"--",327,312,318,275,324,327,307,316,337,333,321,328,315,253,338,328,326,318,312,321
Mercyhurst,NEC,"15-16",,328,>>,308,328,346,327,335,313,335,312,336,294,338,332,310,340,342,301,322,299,339,331,333,330,346,322,333,342,"--",248,315,327,303,334,"--",345,325,306,271,339,330,304,327,347,343,290,345,332,299,321,337,341,307,305,319
Grambling,SWAC,"12-22",+7,329,>>,314,303,301,292,332,341,279,316,325,308,326,327,335,315,319,322,351,333,320,349,332,305,318,332,323,313,"--",321,351,307,343,342,"--",315,332,340,334,322,333,333,315,340,328,330,313,314,354,336,320,328,335,316,340
Coastal Car,SBC,"10-22",-1,330,>>,335,337,319,329,313,318,323,335,328,339,324,308,330,324,329,329,325,337,318,316,329,322,316,329,324,324,"--",335,322,332,328,319,"--",324,322,332,336,327,332,331,322,316,317,328,331,320,241,327,336,317,331,334,331
Morgan St,MEAC,"14-18",+1,331,>>,321,331,344,322,341,332,290,323,332,303,334,345,331,332,331,303,334,335,330,336,330,320,340,331,337,330,"--",283,336,326,326,347,"--",326,323,324,305,336,328,327,325,342,336,317,327,322,304,324,329,333,325,306,332
Stony Brook,CAA,"8-24",-2,332,>>,330,327,318,330,321,323,350,291,340,307,331,323,338,330,332,336,326,321,325,324,331,336,333,334,331,326,"--",344,328,334,324,328,"--",331,328,328,340,331,323,330,326,328,318,323,317,331,333,328,339,324,329,340,325
Oral Roberts,SL,"7-23",-2,333,>>,342,342,332,335,320,342,339,336,334,343,320,317,343,327,328,345,336,352,326,335,327,310,309,330,297,320,"--",322,341,338,346,332,"--",312,340,336,306,309,331,343,351,330,316,332,320,326,217,344,308,319,343,341,347
Wagner,NEC,"14-16",,334,>>,311,333,349,326,333,333,327,329,339,332,342,336,334,333,344,299,337,325,331,340,336,337,349,336,340,333,"--",251,334,329,320,356,"--",351,331,326,293,341,340,322,328,343,339,312,311,330,344,318,338,345,320,294,336
Southern Indiana,OVC,"10-20",-2,335,>>,329,336,325,325,337,334,307,339,331,349,332,325,342,335,336,331,335,341,304,332,338,333,334,335,336,334,"--",330,334,333,329,313,"--",336,326,333,332,337,341,339,318,344,331,331,333,336,199,325,331,338,330,345,342
Detroit,HL,"8-24",-1,336,>>,334,329,313,339,325,319,318,338,329,344,337,338,324,337,337,332,314,324,335,322,334,324,331,337,346,337,"--",342,317,337,321,325,"--",338,333,325,331,335,336,328,341,335,341,335,347,351,273,329,335,337,327,337,320
Buffalo,MAC,"9-22",,337,>>,338,334,343,351,328,317,352,331,341,334,345,321,317,346,340,327,313,322,345,325,337,332,341,339,345,345,"--",329,309,342,323,333,"--",344,338,327,329,348,335,324,335,331,342,337,352,337,262,332,343,346,324,330,311
W Illinois,OVC,"12-19",,338,>>,328,341,342,336,330,327,322,345,337,314,341,311,333,341,347,317,333,331,333,333,342,334,343,341,342,340,"--",316,331,335,322,343,"--",343,337,331,325,343,339,335,336,338,338,327,340,340,347,326,340,342,326,329,337
NC A&T,CAA,"7-25",,339,>>,336,335,315,333,342,337,331,317,333,337,333,346,341,334,335,344,339,339,337,334,335,340,326,338,339,332,"--",349,341,336,338,351,"--",332,335,339,343,332,334,339,337,339,332,340,323,335,310,337,342,329,337,343,334
W Carolina,SC,"8-22",,340,>>,339,344,352,342,318,340,330,341,342,317,346,349,339,342,338,334,341,334,348,338,339,331,350,344,341,341,"--",314,337,340,340,340,"--",342,339,338,303,347,338,336,333,333,335,336,341,338,349,340,332,339,338,331,303
Cent Arkansas,ASUN,"9-24",,341,>>,337,340,340,341,343,339,316,343,343,333,340,339,337,345,346,333,342,342,341,341,340,338,338,340,351,346,"--",332,338,341,337,344,"--",339,342,342,335,340,343,338,344,348,350,341,350,345,265,339,350,343,336,333,326
East Texas A&M,SLC,"5-26",,342,>>,341,338,"--",338,348,347,341,298,335,346,330,341,340,336,330,352,340,344,"--",339,347,344,319,333,332,338,"--",347,343,339,341,338,"--",329,341,343,345,326,337,342,339,327,337,353,349,339,357,341,341,335,344,349,343
WI Green Bay,HL,"4-28",,343,>>,349,343,324,347,350,350,344,350,338,341,336,340,344,338,334,357,344,350,334,343,341,345,330,343,330,339,"--",363,344,346,350,323,"--",328,347,346,351,333,342,347,345,324,334,350,337,342,351,354,333,334,350,358,352
CS Fullerton,BWC,"6-26",,344,>>,351,339,347,358,336,335,332,363,348,340,350,347,332,351,351,339,327,332,355,329,343,342,347,348,354,354,"--",338,318,354,336,346,"--",354,350,341,337,353,351,337,350,334,357,344,355,354,282,345,354,351,342,335,329
CS Sacramento,BSC,"7-25",,345,>>,345,353,336,340,338,345,353,348,344,357,339,334,354,339,343,350,347,356,336,345,344,341,335,346,348,336,"--",353,348,343,353,357,"--",346,354,352,355,338,353,357,353,349,340,347,336,349,189,346,347,336,356,353,358
West Georgia,ASUN,"6-25",,346,>>,344,347,337,345,352,344,328,352,345,347,343,313,348,347,348,349,349,345,342,348,345,347,344,342,343,348,"--",352,338,347,342,336,"--",341,351,347,349,344,348,348,348,346,348,346,343,352,346,347,345,348,349,347,346
Stetson,ASUN,"8-24",+1,347,>>,352,350,338,354,344,348,326,355,353,335,352,350,347,352,352,343,348,353,358,344,348,346,351,349,352,352,"--",343,344,352,348,361,"--",348,346,348,339,351,345,344,346,352,352,342,354,350,193,351,344,350,348,339,344
ULM,SBC,"7-25",-1,348,>>,350,346,335,353,345,343,334,334,349,345,349,352,346,344,350,346,343,354,343,342,350,349,342,345,344,343,"--",358,346,351,349,348,"--",350,349,350,353,349,344,349,355,336,347,348,338,347,308,343,349,344,346,354,350
Le Moyne,NEC,"9-23",,349,>>,343,348,348,348,355,349,360,344,350,354,353,351,350,354,354,338,350,340,346,353,355,353,353,351,347,351,"--",341,352,348,335,330,"--",352,343,344,354,354,354,346,342,354,351,339,344,346,291,342,352,355,341,342,351
Bellarmine,ASUN,"5-26",,350,>>,356,351,339,343,351,359,345,353,351,356,344,348,359,343,341,358,358,360,344,355,349,354,339,353,338,344,"--",357,355,344,359,339,"--",334,355,359,358,342,349,359,349,341,344,354,348,344,200,356,325,340,359,357,361
SC Upstate,BSo,"6-26",,351,>>,346,349,345,344,346,351,361,342,347,351,348,353,349,349,339,348,352,347,349,350,346,348,348,350,334,347,"--",359,348,345,347,349,"--",340,353,351,347,346,346,350,358,351,346,351,339,355,360,348,348,349,354,348,339
N Illinois,MAC,"6-25",,352,>>,347,354,350,346,347,354,357,340,354,355,351,343,352,348,345,351,353,351,340,347,351,352,352,352,349,350,"--",355,353,349,355,337,"--",349,345,356,356,350,347,353,343,345,345,355,342,348,312,349,346,347,353,322,349
New Orleans,SLC,"4-27",,353,>>,348,345,351,350,354,352,347,354,346,362,347,342,345,353,349,354,346,336,356,351,353,351,345,347,350,353,"--",348,347,350,351,352,"--",347,352,349,350,345,352,345,347,350,356,356,353,356,309,352,351,353,347,346,345
New Hampshire,AEC,"8-24",,354,>>,354,356,357,359,349,346,362,346,355,321,355,354,351,355,355,347,345,348,353,352,354,355,358,355,356,355,"--",351,348,358,339,355,"--",359,344,345,352,355,350,351,352,355,353,345,351,341,212,350,356,354,345,350,348
NJIT,AEC,"6-25",+1,355,>>,355,355,354,352,353,353,359,347,352,348,354,356,357,350,353,356,354,357,350,354,352,359,354,354,353,349,"--",361,354,356,352,353,"--",353,348,353,361,352,355,358,340,353,349,352,346,343,359,353,353,352,351,360,360
Alabama A&M,SWAC,"10-22",-1,356,>>,353,357,359,355,356,356,315,359,360,352,360,355,353,360,360,337,359,359,357,359,361,350,359,357,358,358,"--",336,359,353,358,341,"--",360,356,355,341,362,361,352,356,357,358,349,358,353,251,355,360,358,355,352,353
Canisius,MAAC,"3-28",,357,>>,361,358,353,360,358,358,355,356,357,353,357,359,358,357,359,363,356,338,351,356,356,363,356,356,355,356,"--",364,355,362,357,308,"--",356,357,358,364,357,356,356,354,356,354,358,356,358,264,358,355,356,358,361,354
Coppin St,MEAC,"6-24",,358,>>,357,360,360,362,359,355,346,358,359,350,362,361,355,362,361,353,355,355,361,358,357,360,362,358,362,362,"--",339,358,360,356,359,"--",361,362,354,346,361,357,354,362,360,362,360,362,362,270,357,361,361,352,351,359
Chicago St,NEC,"4-28",,359,>>,359,352,356,361,360,357,356,361,358,358,361,357,356,361,362,360,357,346,359,357,360,361,361,361,361,361,"--",362,357,361,354,345,"--",362,360,357,362,360,360,355,357,359,359,359,359,360,268,359,359,362,357,356,355
MD E Shore,MEAC,"6-25",,360,>>,358,361,361,349,362,361,364,357,361,359,358,358,361,358,358,355,360,358,354,361,358,358,360,360,359,360,"--",337,361,355,360,358,"--",355,358,360,348,359,359,360,360,362,361,362,361,359,297,360,358,359,360,359,357
Citadel,SC,"5-25",,361,>>,362,363,358,357,357,362,358,351,362,360,356,360,363,356,356,359,361,362,352,360,359,356,355,359,360,357,"--",356,360,357,362,360,"--",358,359,363,357,358,358,362,359,358,355,357,360,357,341,361,362,357,"--",364,356
Prairie View,SWAC,"5-27",,362,>>,360,359,355,356,361,360,349,362,356,363,359,362,360,359,357,362,362,361,360,362,362,357,357,362,357,359,"--",360,362,359,361,362,"--",357,361,361,359,356,362,361,361,361,360,361,357,361,319,362,357,360,361,362,362
Ark Pine Bluff,SWAC,"6-25",,363,>>,363,362,362,363,363,363,354,360,363,361,363,363,362,363,363,361,363,364,362,363,363,362,363,363,363,363,"--",346,363,363,363,364,"--",363,363,362,360,363,363,363,363,363,363,363,363,363,255,363,363,363,362,355,363
MS Valley St,SWAC,"3-28",,364,>>,364,364,363,364,364,364,363,364,364,364,364,364,364,364,364,364,364,363,363,364,364,364,364,364,364,364,"--",354,364,364,364,363,"--",364,364,364,363,364,364,364,364,364,364,364,364,364,301,364,364,364,"--",363,364
